[
{
    "model": "auth.permission",
    "pk": 1,
    "fields": {
        "name": "Can add log entry",
        "content_type": 1,
        "codename": "add_logentry"
    }
},
{
    "model": "auth.permission",
    "pk": 2,
    "fields": {
        "name": "Can change log entry",
        "content_type": 1,
        "codename": "change_logentry"
    }
},
{
    "model": "auth.permission",
    "pk": 3,
    "fields": {
        "name": "Can delete log entry",
        "content_type": 1,
        "codename": "delete_logentry"
    }
},
{
    "model": "auth.permission",
    "pk": 4,
    "fields": {
        "name": "Can add permission",
        "content_type": 2,
        "codename": "add_permission"
    }
},
{
    "model": "auth.permission",
    "pk": 5,
    "fields": {
        "name": "Can change permission",
        "content_type": 2,
        "codename": "change_permission"
    }
},
{
    "model": "auth.permission",
    "pk": 6,
    "fields": {
        "name": "Can delete permission",
        "content_type": 2,
        "codename": "delete_permission"
    }
},
{
    "model": "auth.permission",
    "pk": 7,
    "fields": {
        "name": "Can add group",
        "content_type": 3,
        "codename": "add_group"
    }
},
{
    "model": "auth.permission",
    "pk": 8,
    "fields": {
        "name": "Can change group",
        "content_type": 3,
        "codename": "change_group"
    }
},
{
    "model": "auth.permission",
    "pk": 9,
    "fields": {
        "name": "Can delete group",
        "content_type": 3,
        "codename": "delete_group"
    }
},
{
    "model": "auth.permission",
    "pk": 10,
    "fields": {
        "name": "Can add user",
        "content_type": 4,
        "codename": "add_user"
    }
},
{
    "model": "auth.permission",
    "pk": 11,
    "fields": {
        "name": "Can change user",
        "content_type": 4,
        "codename": "change_user"
    }
},
{
    "model": "auth.permission",
    "pk": 12,
    "fields": {
        "name": "Can delete user",
        "content_type": 4,
        "codename": "delete_user"
    }
},
{
    "model": "auth.permission",
    "pk": 13,
    "fields": {
        "name": "Can add content type",
        "content_type": 5,
        "codename": "add_contenttype"
    }
},
{
    "model": "auth.permission",
    "pk": 14,
    "fields": {
        "name": "Can change content type",
        "content_type": 5,
        "codename": "change_contenttype"
    }
},
{
    "model": "auth.permission",
    "pk": 15,
    "fields": {
        "name": "Can delete content type",
        "content_type": 5,
        "codename": "delete_contenttype"
    }
},
{
    "model": "auth.permission",
    "pk": 16,
    "fields": {
        "name": "Can add session",
        "content_type": 6,
        "codename": "add_session"
    }
},
{
    "model": "auth.permission",
    "pk": 17,
    "fields": {
        "name": "Can change session",
        "content_type": 6,
        "codename": "change_session"
    }
},
{
    "model": "auth.permission",
    "pk": 18,
    "fields": {
        "name": "Can delete session",
        "content_type": 6,
        "codename": "delete_session"
    }
},
{
    "model": "auth.permission",
    "pk": 19,
    "fields": {
        "name": "Can add claimed",
        "content_type": 7,
        "codename": "add_claimed"
    }
},
{
    "model": "auth.permission",
    "pk": 20,
    "fields": {
        "name": "Can change claimed",
        "content_type": 7,
        "codename": "change_claimed"
    }
},
{
    "model": "auth.permission",
    "pk": 21,
    "fields": {
        "name": "Can delete claimed",
        "content_type": 7,
        "codename": "delete_claimed"
    }
},
{
    "model": "auth.permission",
    "pk": 22,
    "fields": {
        "name": "Can add fund",
        "content_type": 8,
        "codename": "add_fund"
    }
},
{
    "model": "auth.permission",
    "pk": 23,
    "fields": {
        "name": "Can change fund",
        "content_type": 8,
        "codename": "change_fund"
    }
},
{
    "model": "auth.permission",
    "pk": 24,
    "fields": {
        "name": "Can delete fund",
        "content_type": 8,
        "codename": "delete_fund"
    }
},
{
    "model": "auth.permission",
    "pk": 25,
    "fields": {
        "name": "Can add expense",
        "content_type": 9,
        "codename": "add_expense"
    }
},
{
    "model": "auth.permission",
    "pk": 26,
    "fields": {
        "name": "Can change expense",
        "content_type": 9,
        "codename": "change_expense"
    }
},
{
    "model": "auth.permission",
    "pk": 27,
    "fields": {
        "name": "Can delete expense",
        "content_type": 9,
        "codename": "delete_expense"
    }
},
{
    "model": "auth.permission",
    "pk": 28,
    "fields": {
        "name": "Can add blog",
        "content_type": 10,
        "codename": "add_blog"
    }
},
{
    "model": "auth.permission",
    "pk": 29,
    "fields": {
        "name": "Can change blog",
        "content_type": 10,
        "codename": "change_blog"
    }
},
{
    "model": "auth.permission",
    "pk": 30,
    "fields": {
        "name": "Can delete blog",
        "content_type": 10,
        "codename": "delete_blog"
    }
},
{
    "model": "auth.permission",
    "pk": 31,
    "fields": {
        "name": "Can add blog sent mail",
        "content_type": 11,
        "codename": "add_blogsentmail"
    }
},
{
    "model": "auth.permission",
    "pk": 32,
    "fields": {
        "name": "Can change blog sent mail",
        "content_type": 11,
        "codename": "change_blogsentmail"
    }
},
{
    "model": "auth.permission",
    "pk": 33,
    "fields": {
        "name": "Can delete blog sent mail",
        "content_type": 11,
        "codename": "delete_blogsentmail"
    }
},
{
    "model": "auth.permission",
    "pk": 34,
    "fields": {
        "name": "Can add expense",
        "content_type": 12,
        "codename": "add_expense"
    }
},
{
    "model": "auth.permission",
    "pk": 35,
    "fields": {
        "name": "Can change expense",
        "content_type": 12,
        "codename": "change_expense"
    }
},
{
    "model": "auth.permission",
    "pk": 36,
    "fields": {
        "name": "Can delete expense",
        "content_type": 12,
        "codename": "delete_expense"
    }
},
{
    "model": "auth.permission",
    "pk": 37,
    "fields": {
        "name": "Can add fund sent mail",
        "content_type": 13,
        "codename": "add_fundsentmail"
    }
},
{
    "model": "auth.permission",
    "pk": 38,
    "fields": {
        "name": "Can change fund sent mail",
        "content_type": 13,
        "codename": "change_fundsentmail"
    }
},
{
    "model": "auth.permission",
    "pk": 39,
    "fields": {
        "name": "Can delete fund sent mail",
        "content_type": 13,
        "codename": "delete_fundsentmail"
    }
},
{
    "model": "auth.permission",
    "pk": 40,
    "fields": {
        "name": "Can add expense sent mail",
        "content_type": 14,
        "codename": "add_expensesentmail"
    }
},
{
    "model": "auth.permission",
    "pk": 41,
    "fields": {
        "name": "Can change expense sent mail",
        "content_type": 14,
        "codename": "change_expensesentmail"
    }
},
{
    "model": "auth.permission",
    "pk": 42,
    "fields": {
        "name": "Can delete expense sent mail",
        "content_type": 14,
        "codename": "delete_expensesentmail"
    }
},
{
    "model": "auth.permission",
    "pk": 43,
    "fields": {
        "name": "Can add claimed",
        "content_type": 15,
        "codename": "add_claimed"
    }
},
{
    "model": "auth.permission",
    "pk": 44,
    "fields": {
        "name": "Can change claimed",
        "content_type": 15,
        "codename": "change_claimed"
    }
},
{
    "model": "auth.permission",
    "pk": 45,
    "fields": {
        "name": "Can delete claimed",
        "content_type": 15,
        "codename": "delete_claimed"
    }
},
{
    "model": "auth.permission",
    "pk": 46,
    "fields": {
        "name": "Can add fund sent mail",
        "content_type": 16,
        "codename": "add_fundsentmail"
    }
},
{
    "model": "auth.permission",
    "pk": 47,
    "fields": {
        "name": "Can change fund sent mail",
        "content_type": 16,
        "codename": "change_fundsentmail"
    }
},
{
    "model": "auth.permission",
    "pk": 48,
    "fields": {
        "name": "Can delete fund sent mail",
        "content_type": 16,
        "codename": "delete_fundsentmail"
    }
},
{
    "model": "auth.permission",
    "pk": 49,
    "fields": {
        "name": "Can add expense sent mail",
        "content_type": 17,
        "codename": "add_expensesentmail"
    }
},
{
    "model": "auth.permission",
    "pk": 50,
    "fields": {
        "name": "Can change expense sent mail",
        "content_type": 17,
        "codename": "change_expensesentmail"
    }
},
{
    "model": "auth.permission",
    "pk": 51,
    "fields": {
        "name": "Can delete expense sent mail",
        "content_type": 17,
        "codename": "delete_expensesentmail"
    }
},
{
    "model": "auth.permission",
    "pk": 52,
    "fields": {
        "name": "Can add blog sent mail",
        "content_type": 18,
        "codename": "add_blogsentmail"
    }
},
{
    "model": "auth.permission",
    "pk": 53,
    "fields": {
        "name": "Can change blog sent mail",
        "content_type": 18,
        "codename": "change_blogsentmail"
    }
},
{
    "model": "auth.permission",
    "pk": 54,
    "fields": {
        "name": "Can delete blog sent mail",
        "content_type": 18,
        "codename": "delete_blogsentmail"
    }
},
{
    "model": "auth.permission",
    "pk": 55,
    "fields": {
        "name": "Can add nonce",
        "content_type": 7,
        "codename": "add_nonce"
    }
},
{
    "model": "auth.permission",
    "pk": 56,
    "fields": {
        "name": "Can change nonce",
        "content_type": 7,
        "codename": "change_nonce"
    }
},
{
    "model": "auth.permission",
    "pk": 57,
    "fields": {
        "name": "Can delete nonce",
        "content_type": 7,
        "codename": "delete_nonce"
    }
},
{
    "model": "auth.permission",
    "pk": 58,
    "fields": {
        "name": "Can add code",
        "content_type": 8,
        "codename": "add_code"
    }
},
{
    "model": "auth.permission",
    "pk": 59,
    "fields": {
        "name": "Can change code",
        "content_type": 8,
        "codename": "change_code"
    }
},
{
    "model": "auth.permission",
    "pk": 60,
    "fields": {
        "name": "Can delete code",
        "content_type": 8,
        "codename": "delete_code"
    }
},
{
    "model": "auth.permission",
    "pk": 61,
    "fields": {
        "name": "Can add user social auth",
        "content_type": 9,
        "codename": "add_usersocialauth"
    }
},
{
    "model": "auth.permission",
    "pk": 62,
    "fields": {
        "name": "Can change user social auth",
        "content_type": 9,
        "codename": "change_usersocialauth"
    }
},
{
    "model": "auth.permission",
    "pk": 63,
    "fields": {
        "name": "Can delete user social auth",
        "content_type": 9,
        "codename": "delete_usersocialauth"
    }
},
{
    "model": "auth.permission",
    "pk": 64,
    "fields": {
        "name": "Can add association",
        "content_type": 10,
        "codename": "add_association"
    }
},
{
    "model": "auth.permission",
    "pk": 65,
    "fields": {
        "name": "Can change association",
        "content_type": 10,
        "codename": "change_association"
    }
},
{
    "model": "auth.permission",
    "pk": 66,
    "fields": {
        "name": "Can delete association",
        "content_type": 10,
        "codename": "delete_association"
    }
},
{
    "model": "auth.permission",
    "pk": 67,
    "fields": {
        "name": "Can add general sent mail",
        "content_type": 14,
        "codename": "add_generalsentmail"
    }
},
{
    "model": "auth.permission",
    "pk": 68,
    "fields": {
        "name": "Can change general sent mail",
        "content_type": 14,
        "codename": "change_generalsentmail"
    }
},
{
    "model": "auth.permission",
    "pk": 69,
    "fields": {
        "name": "Can delete general sent mail",
        "content_type": 14,
        "codename": "delete_generalsentmail"
    }
},
{
    "model": "auth.permission",
    "pk": 70,
    "fields": {
        "name": "Can add expense sent mail",
        "content_type": 15,
        "codename": "add_expensesentmail"
    }
},
{
    "model": "auth.permission",
    "pk": 71,
    "fields": {
        "name": "Can change expense sent mail",
        "content_type": 15,
        "codename": "change_expensesentmail"
    }
},
{
    "model": "auth.permission",
    "pk": 72,
    "fields": {
        "name": "Can delete expense sent mail",
        "content_type": 15,
        "codename": "delete_expensesentmail"
    }
},
{
    "model": "auth.permission",
    "pk": 73,
    "fields": {
        "name": "Can add fund sent mail",
        "content_type": 17,
        "codename": "add_fundsentmail"
    }
},
{
    "model": "auth.permission",
    "pk": 74,
    "fields": {
        "name": "Can change fund sent mail",
        "content_type": 17,
        "codename": "change_fundsentmail"
    }
},
{
    "model": "auth.permission",
    "pk": 75,
    "fields": {
        "name": "Can delete fund sent mail",
        "content_type": 17,
        "codename": "delete_fundsentmail"
    }
},
{
    "model": "auth.permission",
    "pk": 76,
    "fields": {
        "name": "Can add fund",
        "content_type": 12,
        "codename": "add_fund"
    }
},
{
    "model": "auth.permission",
    "pk": 77,
    "fields": {
        "name": "Can change fund",
        "content_type": 12,
        "codename": "change_fund"
    }
},
{
    "model": "auth.permission",
    "pk": 78,
    "fields": {
        "name": "Can delete fund",
        "content_type": 12,
        "codename": "delete_fund"
    }
},
{
    "model": "auth.permission",
    "pk": 79,
    "fields": {
        "name": "Can add claimed",
        "content_type": 16,
        "codename": "add_claimed"
    }
},
{
    "model": "auth.permission",
    "pk": 80,
    "fields": {
        "name": "Can change claimed",
        "content_type": 16,
        "codename": "change_claimed"
    }
},
{
    "model": "auth.permission",
    "pk": 81,
    "fields": {
        "name": "Can delete claimed",
        "content_type": 16,
        "codename": "delete_claimed"
    }
},
{
    "model": "auth.permission",
    "pk": 82,
    "fields": {
        "name": "Can add expense",
        "content_type": 13,
        "codename": "add_expense"
    }
},
{
    "model": "auth.permission",
    "pk": 83,
    "fields": {
        "name": "Can change expense",
        "content_type": 13,
        "codename": "change_expense"
    }
},
{
    "model": "auth.permission",
    "pk": 84,
    "fields": {
        "name": "Can delete expense",
        "content_type": 13,
        "codename": "delete_expense"
    }
},
{
    "model": "auth.permission",
    "pk": 85,
    "fields": {
        "name": "Can add blog",
        "content_type": 11,
        "codename": "add_blog"
    }
},
{
    "model": "auth.permission",
    "pk": 86,
    "fields": {
        "name": "Can change blog",
        "content_type": 11,
        "codename": "change_blog"
    }
},
{
    "model": "auth.permission",
    "pk": 87,
    "fields": {
        "name": "Can delete blog",
        "content_type": 11,
        "codename": "delete_blog"
    }
},
{
    "model": "auth.user",
    "pk": 2,
    "fields": {
        "password": "pbkdf2_sha256$24000$akC4vLu5QtP1$ceLsF/7gpsEGkmlizCoGzl8pzvSc6aDOAnFx+8UJzqQ=",
        "last_login": null,
        "is_superuser": false,
        "username": "hulk",
        "first_name": "",
        "last_name": "",
        "email": "",
        "is_staff": false,
        "is_active": true,
        "date_joined": "2016-06-17T14:15:09.775",
        "groups": [],
        "user_permissions": []
    }
},
{
    "model": "auth.user",
    "pk": 3,
    "fields": {
        "password": "pbkdf2_sha256$24000$cb0Dakeo8TNj$y63m1p5W1VkZ/qFlhjSkIPAKPuU9JTeQBN2usxo8UN8=",
        "last_login": null,
        "is_superuser": false,
        "username": "widow",
        "first_name": "",
        "last_name": "",
        "email": "",
        "is_staff": false,
        "is_active": true,
        "date_joined": "2016-06-17T14:15:51.545",
        "groups": [],
        "user_permissions": []
    }
},
{
    "model": "auth.user",
    "pk": 4,
    "fields": {
        "password": "pbkdf2_sha256$24000$KscCA8Wg9TQF$GVK2xEU5e3W7E7cv1IW07twHsP60uXJjgpvCefGE6Og=",
        "last_login": null,
        "is_superuser": false,
        "username": "arrow",
        "first_name": "",
        "last_name": "",
        "email": "",
        "is_staff": false,
        "is_active": true,
        "date_joined": "2016-06-17T14:16:10.787",
        "groups": [],
        "user_permissions": []
    }
},
{
    "model": "auth.user",
    "pk": 5,
    "fields": {
        "password": "pbkdf2_sha256$24000$nXq347kNluUI$WF+AB68gagyMKeuZ5bBvX6aYUVJVPSeJ6M6XddyPwXQ=",
        "last_login": null,
        "is_superuser": false,
        "username": "iron",
        "first_name": "",
        "last_name": "",
        "email": "",
        "is_staff": false,
        "is_active": true,
        "date_joined": "2016-06-17T14:16:27.618",
        "groups": [],
        "user_permissions": []
    }
},
{
    "model": "auth.user",
    "pk": 6,
    "fields": {
        "password": "pbkdf2_sha256$24000$1ajXNzBVQ5we$NuLVWhlQIwRvmJt3+17YOpcCmp6J+ZAXEVT8ctQeSeE=",
        "last_login": "2016-08-04T17:31:38.117",
        "is_superuser": false,
        "username": "captain",
        "first_name": "",
        "last_name": "",
        "email": "",
        "is_staff": false,
        "is_active": true,
        "date_joined": "2016-06-17T14:16:38.097",
        "groups": [],
        "user_permissions": []
    }
},
{
    "model": "auth.user",
    "pk": 8,
    "fields": {
        "password": "pbkdf2_sha256$30000$AdiounftvFQ6$HMsq84pr0B3aCxYpFT5ma2TbPeK8fPS0zs6kxAh+gIs=",
        "last_login": "2016-12-07T14:40:40",
        "is_superuser": true,
        "username": "admin",
        "first_name": "",
        "last_name": "",
        "email": "",
        "is_staff": true,
        "is_active": true,
        "date_joined": "2016-07-05T15:35:20",
        "groups": [],
        "user_permissions": []
    }
},
{
    "model": "fat.claimed",
    "pk": 1,
    "fields": {
        "user": 6,
        "forenames": "Captain",
        "surname": "America",
        "email": "c.america@averengers.com",
        "phone": "+441111111111",
        "gender": "M",
        "home_country": "GB",
        "home_city": "L",
        "home_lon": null,
        "home_lat": null,
        "photo": "photos/ca.jpg",
        "research_area": "X",
        "research_area_code": "L391",
        "affiliation": "College",
        "funding": "Self-funded",
        "funding_notes": "",
        "work_description": "Work",
        "website": "http://c.com",
        "website_feed": "http://c.com",
        "orcid": "CaptainAmerica",
        "github": "CaptainAmerica",
        "gitlab": "CaptainAmerica",
        "twitter": "CaptainAmerica",
        "facebook": "CaptainAmerica",
        "slug": "captain-america",
        "application_year": 2014,
        "selected": true,
        "software_carpentry_instructor": false,
        "data_carpentry_instructor": false,
        "claimedship_grant": "3000.00",
        "notes_from_admin": "",
        "mentor": null,
        "added": "2016-07-07T14:59:46.412",
        "updated": "2016-09-01T12:37:41.559"
    }
},
{
    "model": "fat.claimed",
    "pk": 2,
    "fields": {
        "user": 5,
        "forenames": "Iron",
        "surname": "Man",
        "email": "i.man@averengers.com",
        "phone": "+441111111112",
        "gender": "R",
        "home_country": "GB",
        "home_city": "B",
        "home_lon": null,
        "home_lat": null,
        "photo": "photos/im.jpg",
        "research_area": "",
        "research_area_code": "A100",
        "affiliation": "University",
        "funding": "EPSRC",
        "funding_notes": "",
        "work_description": "Tech",
        "website": "",
        "website_feed": "",
        "orcid": "IronMan",
        "github": "IronMan",
        "gitlab": "IronMan",
        "twitter": "IronMan",
        "facebook": "IronMan",
        "slug": "iron-man",
        "application_year": 2015,
        "selected": true,
        "software_carpentry_instructor": false,
        "data_carpentry_instructor": false,
        "claimedship_grant": "3000.00",
        "notes_from_admin": "",
        "mentor": null,
        "added": "2016-07-07T14:59:46.412",
        "updated": "2016-09-01T12:37:20.275"
    }
},
{
    "model": "fat.claimed",
    "pk": 3,
    "fields": {
        "user": 4,
        "forenames": "Green",
        "surname": "Arrow",
        "email": "g.arrow@averengers.com",
        "phone": "+441111111113",
        "gender": "M",
        "home_country": "GB",
        "home_city": "L",
        "home_lon": null,
        "home_lat": null,
        "photo": "photos/av.jpg",
        "research_area": "",
        "research_area_code": "A100",
        "affiliation": "University",
        "funding": "EPSRC",
        "funding_notes": "",
        "work_description": "Work",
        "website": "",
        "website_feed": "",
        "orcid": "GreenArrow",
        "github": "GreenArrow",
        "gitlab": "GreenArrow",
        "twitter": "GreenArrow",
        "facebook": "GreenArrow",
        "slug": "green-arrow",
        "application_year": 2015,
        "selected": true,
        "software_carpentry_instructor": false,
        "data_carpentry_instructor": false,
        "claimedship_grant": "3000.00",
        "notes_from_admin": "",
        "mentor": null,
        "added": "2016-07-07T14:59:46.412",
        "updated": "2016-09-01T12:36:54.323"
    }
},
{
    "model": "fat.claimed",
    "pk": 4,
    "fields": {
        "user": 3,
        "forenames": "Black",
        "surname": "Widow",
        "email": "b.widow@averengers.com",
        "phone": "+441111111114",
        "gender": "F",
        "home_country": "GB",
        "home_city": "L",
        "home_lon": null,
        "home_lat": null,
        "photo": "photos/vn.jpg",
        "research_area": "",
        "research_area_code": "A100",
        "affiliation": "College",
        "funding": "AHRC",
        "funding_notes": "",
        "work_description": "Work.",
        "website": "",
        "website_feed": "",
        "orcid": "BlackWidow",
        "github": "BlackWidow",
        "gitlab": "BlackWidow",
        "twitter": "BlackWidow",
        "facebook": "BlackWidow",
        "slug": "black-widow",
        "application_year": 2016,
        "selected": true,
        "software_carpentry_instructor": false,
        "data_carpentry_instructor": false,
        "claimedship_grant": "3000.00",
        "notes_from_admin": "",
        "mentor": 1,
        "added": "2016-07-07T14:59:46.412",
        "updated": "2016-09-01T12:38:05.280"
    }
},
{
    "model": "fat.claimed",
    "pk": 5,
    "fields": {
        "user": 2,
        "forenames": "The",
        "surname": "Hulk",
        "email": "t.hulk@averengers.com",
        "phone": "+441111111115",
        "gender": "M",
        "home_country": "GB",
        "home_city": "S",
        "home_lon": null,
        "home_lat": null,
        "photo": "photos/hu.jpg",
        "research_area": "",
        "research_area_code": "A100",
        "affiliation": "University",
        "funding": "EPSRC",
        "funding_notes": "",
        "work_description": "Work",
        "website": "",
        "website_feed": "",
        "orcid": "TheHulk",
        "github": "TheHulk",
        "gitlab": "TheHulk",
        "twitter": "TheHulk",
        "facebook": "TheHulk",
        "slug": "the-hulk",
        "application_year": 2016,
        "selected": true,
        "software_carpentry_instructor": false,
        "data_carpentry_instructor": false,
        "claimedship_grant": "3000.00",
        "notes_from_admin": "",
        "mentor": 2,
        "added": "2016-07-07T14:59:46.412",
        "updated": "2016-09-01T12:37:56.052"
    }
},
{
    "model": "fat.claimed",
    "pk": 6,
    "fields": {
        "user": null,
        "forenames": "Spider",
        "surname": "Man",
        "email": "s.man@averengers.com",
        "phone": "+441111111116",
        "gender": "M",
        "home_country": "GB",
        "home_city": "G",
        "home_lon": null,
        "home_lat": null,
        "photo": "",
        "research_area": "",
        "research_area_code": "Y000",
        "affiliation": "University",
        "funding": "",
        "funding_notes": null,
        "work_description": "Work.",
        "website": "",
        "website_feed": "",
        "orcid": "",
        "github": "SpiderMan",
        "gitlab": "SpiderMan",
        "twitter": "SpiderMan",
        "facebook": "SpiderMan",
        "slug": "spider-man",
        "application_year": 2016,
        "selected": false,
        "software_carpentry_instructor": false,
        "data_carpentry_instructor": false,
        "claimedship_grant": "0.00",
        "notes_from_admin": null,
        "mentor": null,
        "added": "2016-09-01T12:39:56.259",
        "updated": "2016-09-01T12:39:56.259"
    }
},
{
    "model": "fat.fund",
    "pk": 1,
    "fields": {
        "claimed": 2,
        "category": "O",
        "category_other": "",
        "name": "9d680248 - Iron Man",
        "url": "http://9d680248.com",
        "country": "GB",
        "city": "U",
        "lon": -71.04731,
        "lat": 167.75629,
        "start_date": "2014-05-16",
        "end_date": "2014-05-18",
        "budget_request_travel": "1500.00",
        "budget_request_attendance_fees": "0.00",
        "budget_request_subsistence_cost": "0.00",
        "budget_request_venue_hire": "0.00",
        "budget_request_catering": "0.00",
        "budget_request_others": "0.00",
        "budget_approved": "1500.00",
        "justification": ":-)",
        "additional_info": "",
        "extra_sponsored": "",
        "can_be_advertise_before": false,
        "can_be_advertise_after": false,
        "ad_status": "V",
        "status": "F",
        "required_blog_posts": 1,
        "notes_from_admin": "",
        "added": "2016-07-07T14:59:46.412",
        "updated": "2016-07-17T14:10:36.273"
    }
},
{
    "model": "fat.fund",
    "pk": 2,
    "fields": {
        "claimed": 5,
        "category": "H",
        "category_other": "",
        "name": "9d683330 - The Hulk",
        "url": "http://9d683330.com",
        "country": "GB",
        "city": "U",
        "lon": -178.32413,
        "lat": -20.63223,
        "start_date": "2015-05-14",
        "end_date": "2015-05-24",
        "budget_request_travel": "2000.00",
        "budget_request_attendance_fees": "0.00",
        "budget_request_subsistence_cost": "1000.00",
        "budget_request_venue_hire": "0.00",
        "budget_request_catering": "0.00",
        "budget_request_others": "0.00",
        "budget_approved": "2000.00",
        "justification": ":-)",
        "additional_info": "",
        "extra_sponsored": "",
        "can_be_advertise_before": false,
        "can_be_advertise_after": false,
        "ad_status": "V",
        "status": "A",
        "required_blog_posts": 1,
        "notes_from_admin": "",
        "added": "2016-07-07T14:59:46.412",
        "updated": "2016-07-17T14:10:28.847"
    }
},
{
    "model": "fat.fund",
    "pk": 3,
    "fields": {
        "claimed": 1,
        "category": "H",
        "category_other": "",
        "name": "9d681148 - Captain America",
        "url": "http://9d681148.com",
        "country": "GB",
        "city": "U",
        "lon": -90.89369,
        "lat": -13.13435,
        "start_date": "2016-06-16",
        "end_date": "2016-06-24",
        "budget_request_travel": "2000.00",
        "budget_request_attendance_fees": "0.00",
        "budget_request_subsistence_cost": "0.00",
        "budget_request_venue_hire": "0.00",
        "budget_request_catering": "0.00",
        "budget_request_others": "0.00",
        "budget_approved": "2000.00",
        "justification": ":-)",
        "additional_info": "",
        "extra_sponsored": "",
        "can_be_advertise_before": true,
        "can_be_advertise_after": true,
        "ad_status": "V",
        "status": "F",
        "required_blog_posts": 1,
        "notes_from_admin": "",
        "added": "2016-07-07T14:59:46.412",
        "updated": "2016-07-17T14:09:12.999"
    }
},
{
    "model": "fat.fund",
    "pk": 4,
    "fields": {
        "claimed": 2,
        "category": "H",
        "category_other": "",
        "name": "9d680716 - Iron Man",
        "url": "http://9d680716.com",
        "country": "GB",
        "city": "U",
        "lon": 173.44064,
        "lat": 12.25341,
        "start_date": "2014-05-20",
        "end_date": "2014-05-24",
        "budget_request_travel": "1000.00",
        "budget_request_attendance_fees": "0.00",
        "budget_request_subsistence_cost": "0.00",
        "budget_request_venue_hire": "0.00",
        "budget_request_catering": "0.00",
        "budget_request_others": "0.00",
        "budget_approved": "1000.00",
        "justification": ":-)",
        "additional_info": "",
        "extra_sponsored": "",
        "can_be_advertise_before": true,
        "can_be_advertise_after": true,
        "ad_status": "V",
        "status": "F",
        "required_blog_posts": 1,
        "notes_from_admin": "",
        "added": "2016-07-07T14:59:46.412",
        "updated": "2016-07-17T14:10:21.669"
    }
},
{
    "model": "fat.fund",
    "pk": 5,
    "fields": {
        "claimed": 3,
        "category": "O",
        "category_other": "",
        "name": "9d68144a - Green Arrow",
        "url": "http://9d68144a.com",
        "country": "GB",
        "city": "U",
        "lon": 102.7173,
        "lat": 3.91522,
        "start_date": "2016-05-14",
        "end_date": "2016-05-15",
        "budget_request_travel": "2500.00",
        "budget_request_attendance_fees": "0.00",
        "budget_request_subsistence_cost": "0.00",
        "budget_request_venue_hire": "0.00",
        "budget_request_catering": "0.00",
        "budget_request_others": "0.00",
        "budget_approved": "2500.00",
        "justification": ":-)",
        "additional_info": "",
        "extra_sponsored": "",
        "can_be_advertise_before": false,
        "can_be_advertise_after": false,
        "ad_status": "V",
        "status": "F",
        "required_blog_posts": 1,
        "notes_from_admin": "",
        "added": "2016-07-07T14:59:46.412",
        "updated": "2016-07-17T14:10:06.354"
    }
},
{
    "model": "fat.fund",
    "pk": 6,
    "fields": {
        "claimed": 4,
        "category": "O",
        "category_other": "",
        "name": "9d6816de - Black Widow",
        "url": "http://9d6816de.com",
        "country": "GB",
        "city": "U",
        "lon": -65.84834,
        "lat": 30.0518,
        "start_date": "2016-08-01",
        "end_date": "2016-08-03",
        "budget_request_travel": "500.00",
        "budget_request_attendance_fees": "0.00",
        "budget_request_subsistence_cost": "0.00",
        "budget_request_venue_hire": "0.00",
        "budget_request_catering": "0.00",
        "budget_request_others": "0.00",
        "budget_approved": "500.00",
        "justification": ":-)",
        "additional_info": "",
        "extra_sponsored": "",
        "can_be_advertise_before": false,
        "can_be_advertise_after": false,
        "ad_status": "V",
        "status": "A",
        "required_blog_posts": 1,
        "notes_from_admin": "",
        "added": "2016-07-07T14:59:46.412",
        "updated": "2016-07-17T14:09:50.846"
    }
},
{
    "model": "fat.fund",
    "pk": 8,
    "fields": {
        "claimed": 1,
        "category": "A",
        "category_other": "",
        "name": "9d6818e6 - Captain America",
        "url": "http://9d6818e6.com",
        "country": "GB",
        "city": "U",
        "lon": -6.73372,
        "lat": 46.95474,
        "start_date": "2014-02-20",
        "end_date": "2014-02-22",
        "budget_request_travel": "500.00",
        "budget_request_attendance_fees": "0.00",
        "budget_request_subsistence_cost": "0.00",
        "budget_request_venue_hire": "0.00",
        "budget_request_catering": "0.00",
        "budget_request_others": "0.00",
        "budget_approved": "500.00",
        "justification": ":-)",
        "additional_info": "",
        "extra_sponsored": "",
        "can_be_advertise_before": false,
        "can_be_advertise_after": false,
        "ad_status": "V",
        "status": "F",
        "required_blog_posts": 1,
        "notes_from_admin": "",
        "added": "2016-07-13T14:58:08.260",
        "updated": "2016-07-17T14:09:23.715"
    }
},
{
    "model": "fat.fund",
    "pk": 9,
    "fields": {
        "claimed": 1,
        "category": "A",
        "category_other": "",
        "name": "9d681b66 - Captain America",
        "url": "http://9d681b66.com",
        "country": "GB",
        "city": "U",
        "lon": -9.87283,
        "lat": -73.47064,
        "start_date": "2014-11-10",
        "end_date": "2014-11-12",
        "budget_request_travel": "0.00",
        "budget_request_attendance_fees": "0.00",
        "budget_request_subsistence_cost": "0.00",
        "budget_request_venue_hire": "0.00",
        "budget_request_catering": "1000.00",
        "budget_request_others": "0.00",
        "budget_approved": "0.00",
        "justification": ":-(",
        "additional_info": "",
        "extra_sponsored": "",
        "can_be_advertise_before": false,
        "can_be_advertise_after": false,
        "ad_status": "H",
        "status": "R",
        "required_blog_posts": 1,
        "notes_from_admin": "",
        "added": "2016-07-13T14:59:44.036",
        "updated": "2016-07-13T14:59:44.036"
    }
},
{
    "model": "fat.fund",
    "pk": 10,
    "fields": {
        "claimed": 3,
        "category": "A",
        "category_other": "",
        "name": "9d681d8c - Green Arrow",
        "url": "http://9d681d8c.com",
        "country": "GB",
        "city": "U",
        "lon": 48.89437,
        "lat": 15.53126,
        "start_date": "2015-07-01",
        "end_date": "2015-07-29",
        "budget_request_travel": "1500.00",
        "budget_request_attendance_fees": "0.00",
        "budget_request_subsistence_cost": "0.00",
        "budget_request_venue_hire": "0.00",
        "budget_request_catering": "0.00",
        "budget_request_others": "0.00",
        "budget_approved": "0.00",
        "justification": ":-(",
        "additional_info": "",
        "extra_sponsored": "",
        "can_be_advertise_before": false,
        "can_be_advertise_after": false,
        "ad_status": "H",
        "status": "R",
        "required_blog_posts": 1,
        "notes_from_admin": "",
        "added": "2016-07-13T15:01:25.316",
        "updated": "2016-09-05T10:51:42.337"
    }
},
{
    "model": "fat.fund",
    "pk": 11,
    "fields": {
        "claimed": 4,
        "category": "H",
        "category_other": "",
        "name": "9d6816aa - Black Widow",
        "url": "http://9d6816aa.com",
        "country": "GB",
        "city": "U",
        "lon": -65.84834,
        "lat": 30.0518,
        "start_date": "2016-09-25",
        "end_date": "2016-09-29",
        "budget_request_travel": "1000.00",
        "budget_request_attendance_fees": "0.00",
        "budget_request_subsistence_cost": "0.00",
        "budget_request_venue_hire": "0.00",
        "budget_request_catering": "500.00",
        "budget_request_others": "0.00",
        "budget_approved": "1500.00",
        "justification": ":-)",
        "additional_info": "",
        "extra_sponsored": "",
        "can_be_advertise_before": true,
        "can_be_advertise_after": true,
        "ad_status": "V",
        "status": "P",
        "required_blog_posts": 1,
        "notes_from_admin": "",
        "added": "2016-07-07T14:59:46.412",
        "updated": "2016-09-05T10:53:16.027"
    }
},
{
    "model": "fat.expense",
    "pk": 1,
    "fields": {
        "relative_number": 1,
        "fund": 8,
        "claim": "expenses/ec7.pdf",
        "amount_claimed": "500.00",
        "justification_for_extra": "",
        "final": false,
        "recipient_fullname": "",
        "recipient_email": "",
        "recipient_affiliation": "",
        "recipient_group": "",
        "recipient_connection": "",
        "status": "F",
        "received_date": "2016-07-17",
        "asked_for_authorization_date": "2016-07-17",
        "send_to_finance_date": "2016-07-17",
        "amount_authorized_for_payment": "500.00",
        "funds_from": "F",
        "grant_used": "SSI1",
        "notes_from_admin": "",
        "added": "2016-07-13T15:05:50.610",
        "updated": "2016-07-17T13:58:56.945"
    }
},
{
    "model": "fat.expense",
    "pk": 2,
    "fields": {
        "relative_number": 1,
        "fund": 2,
        "claim": "expenses/ec3.pdf",
        "amount_claimed": "20000.00",
        "justification_for_extra": "",
        "final": false,
        "recipient_fullname": "",
        "recipient_email": "",
        "recipient_affiliation": "",
        "recipient_group": "",
        "recipient_connection": "",
        "status": "C",
        "received_date": "2016-07-17",
        "asked_for_authorization_date": "2016-07-17",
        "send_to_finance_date": "2016-07-17",
        "amount_authorized_for_payment": "2000.00",
        "funds_from": "F",
        "grant_used": "SSI1",
        "notes_from_admin": "",
        "added": "2016-07-13T15:03:29.250",
        "updated": "2016-07-17T13:59:13.965"
    }
},
{
    "model": "fat.expense",
    "pk": 3,
    "fields": {
        "relative_number": 1,
        "fund": 3,
        "claim": "expenses/ec4.pdf",
        "amount_claimed": "400.00",
        "justification_for_extra": "",
        "final": false,
        "recipient_fullname": "",
        "recipient_email": "",
        "recipient_affiliation": "",
        "recipient_group": "",
        "recipient_connection": "",
        "status": "F",
        "received_date": "2016-07-17",
        "asked_for_authorization_date": "2016-07-17",
        "send_to_finance_date": "2016-07-17",
        "amount_authorized_for_payment": "400.00",
        "funds_from": "F",
        "grant_used": "SSI1",
        "notes_from_admin": "",
        "added": "2016-07-13T15:03:57.771",
        "updated": "2016-07-17T13:59:25.548"
    }
},
{
    "model": "fat.expense",
    "pk": 4,
    "fields": {
        "relative_number": 1,
        "fund": 1,
        "claim": "expenses/ec1.pdf",
        "amount_claimed": "1000.00",
        "justification_for_extra": "",
        "final": false,
        "recipient_fullname": "",
        "recipient_email": "",
        "recipient_affiliation": "",
        "recipient_group": "",
        "recipient_connection": "",
        "status": "P",
        "received_date": "2016-07-17",
        "asked_for_authorization_date": null,
        "send_to_finance_date": null,
        "amount_authorized_for_payment": "0.00",
        "funds_from": "C",
        "grant_used": "SSI1",
        "notes_from_admin": "",
        "added": "2016-07-07T14:59:46.412",
        "updated": "2016-07-17T14:03:11.682"
    }
},
{
    "model": "fat.expense",
    "pk": 5,
    "fields": {
        "relative_number": 1,
        "fund": 5,
        "claim": "expenses/ec6.pdf",
        "amount_claimed": "2500.00",
        "justification_for_extra": "",
        "final": false,
        "recipient_fullname": "",
        "recipient_email": "",
        "recipient_affiliation": "",
        "recipient_group": "",
        "recipient_connection": "",
        "status": "F",
        "received_date": "2016-07-17",
        "asked_for_authorization_date": "2016-07-17",
        "send_to_finance_date": "2016-07-17",
        "amount_authorized_for_payment": "2500.00",
        "funds_from": "F",
        "grant_used": "SS2",
        "notes_from_admin": "",
        "added": "2016-07-13T15:04:56.919",
        "updated": "2016-07-17T14:03:06.035"
    }
},
{
    "model": "fat.expense",
    "pk": 6,
    "fields": {
        "relative_number": 2,
        "fund": 1,
        "claim": "expenses/ec2.pdf",
        "amount_claimed": "500.00",
        "justification_for_extra": "",
        "final": false,
        "recipient_fullname": "",
        "recipient_email": "",
        "recipient_affiliation": "",
        "recipient_group": "",
        "recipient_connection": "",
        "status": "F",
        "received_date": "2016-07-17",
        "asked_for_authorization_date": "2016-07-17",
        "send_to_finance_date": "2016-07-17",
        "amount_authorized_for_payment": "500.00",
        "funds_from": "F",
        "grant_used": "SSI1",
        "notes_from_admin": "",
        "added": "2016-07-07T14:59:46.412",
        "updated": "2016-07-17T14:02:48.682"
    }
},
{
    "model": "fat.expense",
    "pk": 7,
    "fields": {
        "relative_number": 1,
        "fund": 6,
        "claim": "expenses/ec8.pdf",
        "amount_claimed": "500.00",
        "justification_for_extra": "",
        "final": false,
        "recipient_fullname": "",
        "recipient_email": "",
        "recipient_affiliation": "",
        "recipient_group": "",
        "recipient_connection": "",
        "status": "C",
        "received_date": "2016-07-17",
        "asked_for_authorization_date": "2016-07-17",
        "send_to_finance_date": "2016-07-17",
        "amount_authorized_for_payment": "500.00",
        "funds_from": "F",
        "grant_used": "SSI1",
        "notes_from_admin": "",
        "added": "2016-07-13T15:05:22.698",
        "updated": "2016-07-17T14:02:32.024"
    }
},
{
    "model": "fat.expense",
    "pk": 8,
    "fields": {
        "relative_number": 1,
        "fund": 4,
        "claim": "expenses/ec5.pdf",
        "amount_claimed": "1000.00",
        "justification_for_extra": "",
        "final": false,
        "recipient_fullname": "",
        "recipient_email": "",
        "recipient_affiliation": "",
        "recipient_group": "",
        "recipient_connection": "",
        "status": "F",
        "received_date": "2016-07-17",
        "asked_for_authorization_date": "2016-07-17",
        "send_to_finance_date": "2016-07-17",
        "amount_authorized_for_payment": "1000.00",
        "funds_from": "F",
        "grant_used": "SS2",
        "notes_from_admin": "",
        "added": "2016-07-13T15:04:23.530",
        "updated": "2016-07-17T14:02:07.034"
    }
},
{
    "model": "fat.blog",
    "pk": 1,
    "fields": {
        "fund": 1,
        "draft_url": "http://software.ac.uk",
        "final": true,
        "status": "P",
        "reviewer": 8,
        "notes_from_admin": "",
        "published_url": "http://software.ac.uk",
        "tweet_url": "http://twitter.com",
        "added": "2016-07-07T14:59:46.412",
        "updated": "2016-09-05T11:02:39.139"
    }
},
{
    "model": "fat.blog",
    "pk": 2,
    "fields": {
        "fund": 3,
        "draft_url": "http://software.ac.uk",
        "final": true,
        "status": "P",
        "reviewer": 8,
        "notes_from_admin": "",
        "published_url": "http://software.ac.uk",
        "tweet_url": "",
        "added": "2016-09-05T11:02:44.988",
        "updated": "2016-09-05T11:02:44.988"
    }
},
{
    "model": "fat.blog",
    "pk": 3,
    "fields": {
        "fund": 4,
        "draft_url": "http://software.ac.uk",
        "final": true,
        "status": "P",
        "reviewer": 8,
        "notes_from_admin": "",
        "published_url": "http://software.ac.uk",
        "tweet_url": "http://twitter.com",
        "added": "2016-09-05T11:03:24.939",
        "updated": "2016-09-05T11:03:24.939"
    }
},
{
    "model": "fat.blog",
    "pk": 4,
    "fields": {
        "fund": 8,
        "draft_url": "http://software.ac.uk",
        "final": true,
        "status": "P",
        "reviewer": 8,
        "notes_from_admin": "",
        "published_url": "http://software.ac.uk",
        "tweet_url": "",
        "added": "2016-09-05T11:03:58.132",
        "updated": "2016-09-05T12:48:27.231"
    }
},
{
    "model": "fat.blog",
    "pk": 6,
    "fields": {
        "fund": 2,
        "draft_url": "http://software.ac.uk",
        "final": true,
        "status": "R",
        "reviewer": 8,
        "notes_from_admin": "",
        "published_url": "",
        "tweet_url": "",
        "added": "2016-09-05T11:04:51.282",
        "updated": "2016-09-05T11:04:51.282"
    }
},
{
    "model": "fat.blog",
    "pk": 7,
    "fields": {
        "fund": 6,
        "draft_url": "http://software.ac.uk",
        "final": true,
        "status": "R",
        "reviewer": 8,
        "notes_from_admin": "",
        "published_url": "",
        "tweet_url": "",
        "added": "2016-09-05T11:05:11.123",
        "updated": "2016-09-05T11:05:11.123"
    }
},
{
    "model": "fat.blog",
    "pk": 8,
    "fields": {
        "fund": 3,
        "draft_url": "http://software.ac.uk",
        "final": true,
        "status": "P",
        "reviewer": 8,
        "notes_from_admin": "",
        "published_url": "http://software.ac.uk",
        "tweet_url": "http://twitter.com",
        "added": "2016-12-07T14:54:00.483",
        "updated": "2016-12-07T14:54:00.483"
    }
},
{
    "model": "fat.generalsentmail",
    "pk": 1,
    "fields": {
        "justification": "Good luck!",
        "sender": 8,
        "receiver": 1
    }
},
{
    "model": "fat.generalsentmail",
    "pk": 2,
    "fields": {
        "justification": "Good luck!",
        "sender": 8,
        "receiver": 1
    }
},
{
    "model": "fat.generalsentmail",
    "pk": 3,
    "fields": {
        "justification": "The budget looks wrong.",
        "sender": 8,
        "receiver": 1
    }
},
{
    "model": "fat.generalsentmail",
    "pk": 4,
    "fields": {
        "justification": "Great blog.",
        "sender": 8,
        "receiver": 1
    }
},
{
    "model": "fat.generalsentmail",
    "pk": 5,
    "fields": {
        "justification": "Great blog.",
        "sender": 8,
        "receiver": 1
    }
},
{
    "model": "fat.generalsentmail",
    "pk": 6,
    "fields": {
        "justification": "Looks good!",
        "sender": 8,
        "receiver": 1
    }
},
{
    "model": "fat.generalsentmail",
    "pk": 7,
    "fields": {
        "justification": "Looks good!",
        "sender": 8,
        "receiver": 1
    }
},
{
    "model": "fat.fundsentmail",
    "pk": 1,
    "fields": {
        "fund": 3
    }
},
{
    "model": "fat.fundsentmail",
    "pk": 2,
    "fields": {
        "fund": 8
    }
},
{
    "model": "fat.fundsentmail",
    "pk": 3,
    "fields": {
        "fund": 9
    }
},
{
    "model": "fat.expensesentmail",
    "pk": 6,
    "fields": {
        "expense": 1
    }
},
{
    "model": "fat.expensesentmail",
    "pk": 7,
    "fields": {
        "expense": 3
    }
},
{
    "model": "fat.blogsentmail",
    "pk": 4,
    "fields": {
        "blog": 2
    }
},
{
    "model": "fat.blogsentmail",
    "pk": 5,
    "fields": {
        "blog": 4
    }
}
]
