[
{
    "model": "auth.user",
    "pk": 1,
    "fields": {
        "password": "pbkdf2_sha256$36000$naUGL9poUKTK$S25Z5p0u/omOwy/83rwVZT+BXOGQ+bvRq/gM0swX1tQ=",
        "last_login": "2018-11-16T15:42:32.153",
        "is_superuser": true,
        "username": "admin",
        "first_name": "",
        "last_name": "",
        "email": "",
        "is_staff": true,
        "is_active": true,
        "date_joined": "2016-07-05T15:35:20",
        "groups": [],
        "user_permissions": []
    }
},
{
    "model": "auth.user",
    "pk": 2,
    "fields": {
        "password": "pbkdf2_sha256$36000$NBcsYGqjKi9S$YIp0DuwZ/5MTSrd2bvVUmHN9U80NIlwtGgSUgggMvAc=",
        "last_login": null,
        "is_superuser": false,
        "username": "ali",
        "first_name": "Ali",
        "last_name": "Christensen",
        "email": "ali.christensen@mail.ac.uk",
        "is_staff": false,
        "is_active": true,
        "date_joined": "2016-06-17T14:15:09",
        "groups": [],
        "user_permissions": []
    }
},
{
    "model": "auth.user",
    "pk": 3,
    "fields": {
        "password": "pbkdf2_sha256$36000$z2JDfORGsDJb$GySsfdR3rQFzsK52Hn/n9QTVYUemGB7+qPF+s2baVa4=",
        "last_login": null,
        "is_superuser": false,
        "username": "maya",
        "first_name": "Maya",
        "last_name": "Hammond",
        "email": "maya.hammond@mail.co.uk",
        "is_staff": false,
        "is_active": true,
        "date_joined": "2016-06-17T14:15:51",
        "groups": [],
        "user_permissions": []
    }
},
{
    "model": "auth.user",
    "pk": 4,
    "fields": {
        "password": "pbkdf2_sha256$36000$2IMRj9LUj1JR$anuiwfd0ZDHD76olneUQuC2SF8K7cwcOUClZqaj1GTU=",
        "last_login": null,
        "is_superuser": false,
        "username": "orlando",
        "first_name": "Orlando",
        "last_name": "Humphrey",
        "email": "orlando.humphrey@mail.co.uk",
        "is_staff": false,
        "is_active": true,
        "date_joined": "2016-06-17T14:16:10",
        "groups": [],
        "user_permissions": []
    }
},
{
    "model": "auth.user",
    "pk": 5,
    "fields": {
        "password": "pbkdf2_sha256$36000$u1OSKAPsVi9D$GQCwYHJ0NMmfivbLvL2atrcph+V0sFiZMU3Yt1kkA0E=",
        "last_login": null,
        "is_superuser": false,
        "username": "sharon",
        "first_name": "Sharon",
        "last_name": "Mcdaniel",
        "email": "sharon.mcdaniel@mail.co.uk",
        "is_staff": false,
        "is_active": true,
        "date_joined": "2016-06-17T14:16:27",
        "groups": [],
        "user_permissions": []
    }
},
{
    "model": "auth.user",
    "pk": 6,
    "fields": {
        "password": "pbkdf2_sha256$36000$qPUqb8BuO1Eb$ZszhEz4NidytuWc9vJmmv3qRXIuAawnMQq6fpOXZaeY=",
        "last_login": "2016-08-04T17:31:38",
        "is_superuser": false,
        "username": "tanisha",
        "first_name": "Tanisha",
        "last_name": "Willis",
        "email": "tanisha.willis@mail.co.uk",
        "is_staff": false,
        "is_active": true,
        "date_joined": "2016-06-17T14:16:38",
        "groups": [],
        "user_permissions": []
    }
},
{
    "model": "auth.user",
    "pk": 8,
    "fields": {
        "password": "pbkdf2_sha256$36000$M8D3KuVHJOzR$0ESR40bwYtZt4WADsKnuPvPjPKGe1iuRuyVYd57ELaU=",
        "last_login": null,
        "is_superuser": false,
        "username": "rooney",
        "first_name": "Rooney",
        "last_name": "Whitney",
        "email": "rooney.whitney@mail.co.uk",
        "is_staff": false,
        "is_active": true,
        "date_joined": "2018-11-15T11:43:04",
        "groups": [],
        "user_permissions": []
    }
},
{
    "model": "lowfat.fundactivity",
    "pk": 1,
    "fields": {
        "name": "local",
        "slug": "local",
        "count": 3,
        "protected": false,
        "parent": null,
        "path": "local",
        "label": "local",
        "level": 1
    }
},
{
    "model": "lowfat.fundactivity",
    "pk": 2,
    "fields": {
        "name": "policy",
        "slug": "policy",
        "count": 2,
        "protected": false,
        "parent": null,
        "path": "policy",
        "label": "policy",
        "level": 1
    }
},
{
    "model": "lowfat.fundactivity",
    "pk": 3,
    "fields": {
        "name": "unconference",
        "slug": "unconference",
        "count": 1,
        "protected": false,
        "parent": null,
        "path": "unconference",
        "label": "unconference",
        "level": 1
    }
},
{
    "model": "lowfat.fundactivity",
    "pk": 4,
    "fields": {
        "name": "panel",
        "slug": "panel",
        "count": 2,
        "protected": false,
        "parent": null,
        "path": "panel",
        "label": "panel",
        "level": 1
    }
},
{
    "model": "lowfat.fundactivity",
    "pk": 5,
    "fields": {
        "name": "survey",
        "slug": "survey",
        "count": 1,
        "protected": false,
        "parent": null,
        "path": "survey",
        "label": "survey",
        "level": 1
    }
},
{
    "model": "lowfat.fundactivity",
    "pk": 6,
    "fields": {
        "name": "workshop",
        "slug": "workshop",
        "count": 1,
        "protected": false,
        "parent": null,
        "path": "workshop",
        "label": "workshop",
        "level": 1
    }
},
{
    "model": "lowfat.fundactivity",
    "pk": 10,
    "fields": {
        "name": "attending as ssi",
        "slug": "attending-as-ssi",
        "count": 1,
        "protected": false,
        "parent": null,
        "path": "attending-as-ssi",
        "label": "attending as ssi",
        "level": 1
    }
},
{
    "model": "lowfat.fundactivity",
    "pk": 11,
    "fields": {
        "name": "conference",
        "slug": "conference",
        "count": 2,
        "protected": false,
        "parent": null,
        "path": "conference",
        "label": "conference",
        "level": 1
    }
},
{
    "model": "lowfat.fundactivity",
    "pk": 12,
    "fields": {
        "name": "training",
        "slug": "training",
        "count": 1,
        "protected": false,
        "parent": null,
        "path": "training",
        "label": "training",
        "level": 1
    }
},
{
    "model": "lowfat.fundactivity",
    "pk": 13,
    "fields": {
        "name": "roundtable",
        "slug": "roundtable",
        "count": 1,
        "protected": false,
        "parent": null,
        "path": "roundtable",
        "label": "roundtable",
        "level": 1
    }
},
{
    "model": "lowfat.fundactivity",
    "pk": 14,
    "fields": {
        "name": "ssi organised",
        "slug": "ssi-organised",
        "count": 1,
        "protected": false,
        "parent": null,
        "path": "ssi-organised",
        "label": "ssi organised",
        "level": 1
    }
},
{
    "model": "lowfat.fundactivity",
    "pk": 15,
    "fields": {
        "name": "teaching at",
        "slug": "teaching-at",
        "count": 1,
        "protected": false,
        "parent": null,
        "path": "teaching-at",
        "label": "teaching at",
        "level": 1
    }
},
{
    "model": "lowfat.termsandconditions",
    "pk": "2012",
    "fields": {
        "url": "https://www.software.ac.uk/fellowship-terms-and-conditions-2012"
    }
},
{
    "model": "lowfat.termsandconditions",
    "pk": "2013",
    "fields": {
        "url": "https://www.software.ac.uk/fellowship-terms-and-conditions-2013"
    }
},
{
    "model": "lowfat.termsandconditions",
    "pk": "2014",
    "fields": {
        "url": "https://www.software.ac.uk/fellowship-terms-and-conditions-2014"
    }
},
{
    "model": "lowfat.termsandconditions",
    "pk": "2015",
    "fields": {
        "url": "https://www.software.ac.uk/fellowship-terms-and-conditions-2015"
    }
},
{
    "model": "lowfat.termsandconditions",
    "pk": "2016",
    "fields": {
        "url": "https://www.software.ac.uk/fellowship-terms-and-conditions-2016"
    }
},
{
    "model": "lowfat.termsandconditions",
    "pk": "2017",
    "fields": {
        "url": "https://www.software.ac.uk/fellowship-terms-and-conditions-2017"
    }
},
{
    "model": "lowfat.termsandconditions",
    "pk": "2018",
    "fields": {
        "url": "https://www.software.ac.uk/fellowship-programme/2018/terms-and-conditions"
    }
},
{
    "model": "lowfat.termsandconditions",
    "pk": "2019",
    "fields": {
        "url": "https://www.software.ac.uk/fellowship-programme/2019/terms-and-conditions"
    }
},
{
    "model": "lowfat.claimant",
    "pk": 1,
    "fields": {
        "user": 6,
        "forenames": "Tanisha",
        "surname": "Willis",
        "email": "tanisha.willis@mail.co.uk",
        "phone": "+441111111111",
        "gender": "F",
        "home_country": "GB",
        "home_city": "L",
        "home_lon": null,
        "home_lat": null,
        "photo": "photos/tanisha-willis.jpg",
        "career_stage_when_apply": "3",
        "job_title_when_apply": "",
        "research_area": "X",
        "research_area_code": "L3",
        "affiliation": "College",
        "department": "",
        "group": "",
        "funding": "Self-funded",
        "funding_notes": "",
        "interests": "",
        "work_description": "Work",
        "photo_work_description": "",
        "institutional_website": "",
        "website": "https://tanisha-willis.co.uk",
        "website_feed": "https://tanisha-willis.co.uk/feed/",
        "orcid": "tanisha.willis",
        "google_scholar": "tanisha.willis",
        "github": "tanisha.willis",
        "gitlab": "tanisha.willis",
        "bitbucket": "tanisha.willis",
        "twitter": "tanisha.willis",
        "linkedin": "tanisha.willis",
        "facebook": "tanisha.willis",
        "slug": "tanisha-willis",
        "terms_and_conditions": "2016",
        "application_year": 2015,
        "inauguration_grant_expiration": "2017-03-31",
        "received_offer": false,
        "fellow": true,
        "collaborator": false,
        "is_into_training": false,
        "carpentries_instructor": false,
        "research_software_engineer": false,
        "claimantship_grant": "3000.00",
        "attended_inaugural_meeting": false,
        "attended_collaborations_workshop": false,
        "notes_from_admin": "",
        "screencast_url": "",
        "example_of_writing_url": "",
        "mentor": null,
        "added": "2016-07-07T14:59:46.412",
        "updated": "2018-11-15T12:00:43.823"
    }
},
{
    "model": "lowfat.claimant",
    "pk": 2,
    "fields": {
        "user": 5,
        "forenames": "Sharon",
        "surname": "Mcdaniel",
        "email": "sharon.mcdaniel@mail.co.uk",
        "phone": "+441111111112",
        "gender": "R",
        "home_country": "GB",
        "home_city": "B",
        "home_lon": null,
        "home_lat": null,
        "photo": "photos/sharon-mcdaniel.jpg",
        "career_stage_when_apply": "3",
        "job_title_when_apply": "",
        "research_area": "",
        "research_area_code": "A1",
        "affiliation": "University",
        "department": "",
        "group": "",
        "funding": "EPSRC",
        "funding_notes": "",
        "interests": "",
        "work_description": "Tech",
        "photo_work_description": "",
        "institutional_website": "",
        "website": "https://sharon-mcdaniel.co.uk",
        "website_feed": "https://sharon-mcdaniel.co.uk/feed/",
        "orcid": "sharon.mcdaniel",
        "google_scholar": "sharon.mcdaniel",
        "github": "sharon.mcdaniel",
        "gitlab": "sharon.mcdaniel",
        "bitbucket": "sharon.mcdaniel",
        "twitter": "sharon.mcdaniel",
        "linkedin": "sharon.mcdaniel",
        "facebook": "sharon.mcdaniel",
        "slug": "sharon-mcdaniel",
        "terms_and_conditions": "2017",
        "application_year": 2016,
        "inauguration_grant_expiration": "2018-03-31",
        "received_offer": false,
        "fellow": true,
        "collaborator": false,
        "is_into_training": false,
        "carpentries_instructor": false,
        "research_software_engineer": false,
        "claimantship_grant": "3000.00",
        "attended_inaugural_meeting": false,
        "attended_collaborations_workshop": false,
        "notes_from_admin": "",
        "screencast_url": "",
        "example_of_writing_url": "",
        "mentor": null,
        "added": "2016-07-07T14:59:46.412",
        "updated": "2018-11-15T11:59:55.586"
    }
},
{
    "model": "lowfat.claimant",
    "pk": 3,
    "fields": {
        "user": 4,
        "forenames": "Orlando",
        "surname": "Humphrey",
        "email": "orlando.humphrey@mail.co.uk",
        "phone": "+441111111113",
        "gender": "M",
        "home_country": "GB",
        "home_city": "L",
        "home_lon": null,
        "home_lat": null,
        "photo": "photos/orlando-humphrey.jpg",
        "career_stage_when_apply": "3",
        "job_title_when_apply": "",
        "research_area": "",
        "research_area_code": "A1",
        "affiliation": "University",
        "department": "",
        "group": "",
        "funding": "EPSRC",
        "funding_notes": "",
        "interests": "",
        "work_description": "Work",
        "photo_work_description": "",
        "institutional_website": "",
        "website": "https://orlando-humphrey.co.uk",
        "website_feed": "https://orlando-humphrey.co.uk/feed/",
        "orcid": "orlando.humphrey",
        "google_scholar": "orlando.humphrey",
        "github": "orlando.humphrey",
        "gitlab": "orlando.humphrey",
        "bitbucket": "orlando.humphrey",
        "twitter": "orlando.humphrey",
        "linkedin": "orlando.humphrey",
        "facebook": "orlando.humphrey",
        "slug": "orlando-humphrey",
        "terms_and_conditions": "2017",
        "application_year": 2016,
        "inauguration_grant_expiration": "2018-03-31",
        "received_offer": false,
        "fellow": true,
        "collaborator": false,
        "is_into_training": false,
        "carpentries_instructor": false,
        "research_software_engineer": false,
        "claimantship_grant": "3000.00",
        "attended_inaugural_meeting": false,
        "attended_collaborations_workshop": false,
        "notes_from_admin": "",
        "screencast_url": "",
        "example_of_writing_url": "",
        "mentor": null,
        "added": "2016-07-07T14:59:46.412",
        "updated": "2018-11-15T12:00:15.306"
    }
},
{
    "model": "lowfat.claimant",
    "pk": 4,
    "fields": {
        "user": 3,
        "forenames": "Maya",
        "surname": "Hammond",
        "email": "maya.hammond@mail.co.uk",
        "phone": "+441111111114",
        "gender": "F",
        "home_country": "GB",
        "home_city": "L",
        "home_lon": null,
        "home_lat": null,
        "photo": "photos/maya-hammond.jpg",
        "career_stage_when_apply": "3",
        "job_title_when_apply": "",
        "research_area": "",
        "research_area_code": "A1",
        "affiliation": "College",
        "department": "",
        "group": "",
        "funding": "AHRC",
        "funding_notes": "",
        "interests": "",
        "work_description": "Work.",
        "photo_work_description": "",
        "institutional_website": "",
        "website": "https://maya-hammond.co.uk",
        "website_feed": "https://maya-hammond.co.uk/feed/",
        "orcid": "maya.hammond",
        "google_scholar": "maya.hammond",
        "github": "maya.hammond",
        "gitlab": "maya.hammond",
        "bitbucket": "maya.hammond",
        "twitter": "maya.hammond",
        "linkedin": "maya.hammond",
        "facebook": "maya.hammond",
        "slug": "maya-hammond",
        "terms_and_conditions": "2018",
        "application_year": 2017,
        "inauguration_grant_expiration": "2019-03-31",
        "received_offer": false,
        "fellow": true,
        "collaborator": false,
        "is_into_training": false,
        "carpentries_instructor": false,
        "research_software_engineer": false,
        "claimantship_grant": "3000.00",
        "attended_inaugural_meeting": false,
        "attended_collaborations_workshop": false,
        "notes_from_admin": "",
        "screencast_url": "",
        "example_of_writing_url": "",
        "mentor": 1,
        "added": "2016-07-07T14:59:46.412",
        "updated": "2018-11-15T11:59:19.024"
    }
},
{
    "model": "lowfat.claimant",
    "pk": 5,
    "fields": {
        "user": 2,
        "forenames": "Ali",
        "surname": "Christensen",
        "email": "ali.christensen@mail.co.uk",
        "phone": "+441111111115",
        "gender": "M",
        "home_country": "GB",
        "home_city": "S",
        "home_lon": null,
        "home_lat": null,
        "photo": "photos/ali-christensen.jpg",
        "career_stage_when_apply": "3",
        "job_title_when_apply": "",
        "research_area": "",
        "research_area_code": "A1",
        "affiliation": "University",
        "department": "",
        "group": "",
        "funding": "EPSRC",
        "funding_notes": "",
        "interests": "",
        "work_description": "Work",
        "photo_work_description": "",
        "institutional_website": "",
        "website": "https://ali-christensen.co.uk",
        "website_feed": "https://ali-christensen.co.uk/feed/",
        "orcid": "ali.christensen",
        "google_scholar": "ali.christensen",
        "github": "ali.christensen",
        "gitlab": "ali.christensen",
        "bitbucket": "ali.christensen",
        "twitter": "ali.christensen",
        "linkedin": "ali.christensen",
        "facebook": "ali.christensen",
        "slug": "ali-christensen",
        "terms_and_conditions": "2018",
        "application_year": 2017,
        "inauguration_grant_expiration": "2019-03-31",
        "received_offer": false,
        "fellow": true,
        "collaborator": false,
        "is_into_training": false,
        "carpentries_instructor": false,
        "research_software_engineer": false,
        "claimantship_grant": "3000.00",
        "attended_inaugural_meeting": false,
        "attended_collaborations_workshop": false,
        "notes_from_admin": "",
        "screencast_url": "",
        "example_of_writing_url": "",
        "mentor": 2,
        "added": "2016-07-07T14:59:46.412",
        "updated": "2018-11-15T11:59:33.402"
    }
},
{
    "model": "lowfat.claimant",
    "pk": 6,
    "fields": {
        "user": null,
        "forenames": "Rooney",
        "surname": "Whitney",
        "email": "rooney.whitney@mail.co.uk",
        "phone": "+441111111116",
        "gender": "M",
        "home_country": "GB",
        "home_city": "G",
        "home_lon": null,
        "home_lat": null,
        "photo": "photos/rooney-whitney.jpg",
        "career_stage_when_apply": "3",
        "job_title_when_apply": "",
        "research_area": "",
        "research_area_code": "Y0",
        "affiliation": "University",
        "department": "",
        "group": "",
        "funding": "",
        "funding_notes": "",
        "interests": "",
        "work_description": "Work.",
        "photo_work_description": "",
        "institutional_website": "",
        "website": "https://rooney-whitney.co.uk",
        "website_feed": "https://rooney-whitney.co.uk/feed/",
        "orcid": "rooney.whitney",
        "google_scholar": "rooney.whitney",
        "github": "rooney.whitney",
        "gitlab": "rooney.whitney",
        "bitbucket": "rooney.whitney",
        "twitter": "rooney.whitney",
        "linkedin": "rooney.whitney",
        "facebook": "rooney.whitney",
        "slug": "rooney-whitney",
        "terms_and_conditions": "2018",
        "application_year": 2017,
        "inauguration_grant_expiration": "2019-03-31",
        "received_offer": false,
        "fellow": false,
        "collaborator": false,
        "is_into_training": false,
        "carpentries_instructor": false,
        "research_software_engineer": false,
        "claimantship_grant": "0.00",
        "attended_inaugural_meeting": false,
        "attended_collaborations_workshop": false,
        "notes_from_admin": "",
        "screencast_url": "",
        "example_of_writing_url": "",
        "mentor": null,
        "added": "2016-09-01T12:39:56.259",
        "updated": "2018-11-15T11:58:55.712"
    }
},
{
    "model": "lowfat.fund",
    "pk": 1,
    "fields": {
        "claimant": 2,
        "category": "A",
        "focus": "C",
        "mandatory": false,
        "title": "9d680248",
        "url": "http://9d680248.co.uk",
        "country": "GB",
        "city": "U",
        "lon": -71.04731,
        "lat": 167.75629,
        "start_date": "2014-05-16",
        "end_date": "2014-05-18",
        "budget_request_travel": "1500.00",
        "budget_request_attendance_fees": "0.00",
        "budget_request_subsistence_cost": "0.00",
        "budget_request_venue_hire": "0.00",
        "budget_request_catering": "0.00",
        "budget_request_others": "0.00",
        "budget_approved": "1500.00",
        "justification": ":-)",
        "additional_info": "",
        "extra_sponsored": "",
        "can_be_included_in_calendar": false,
        "can_be_advertise_before": false,
        "can_be_advertise_after": false,
        "ad_status": "V",
        "status": "F",
        "required_blog_posts": 1,
        "grant_heading": "F",
        "grant": "SSI2",
        "notes_from_admin": "",
        "added": "2016-07-07T14:59:46.412",
        "approved": null,
        "updated": "2018-11-16T15:44:59.848",
        "activity": [
            "ssi organised",
            "teaching at"
        ]
    }
},
{
    "model": "lowfat.fund",
    "pk": 2,
    "fields": {
        "claimant": 5,
        "category": "H",
        "focus": "C",
        "mandatory": false,
        "title": "9d683330",
        "url": "http://9d683330.co.uk",
        "country": "GB",
        "city": "U",
        "lon": -178.32413,
        "lat": -20.63223,
        "start_date": "2015-05-14",
        "end_date": "2015-05-24",
        "budget_request_travel": "2000.00",
        "budget_request_attendance_fees": "0.00",
        "budget_request_subsistence_cost": "1000.00",
        "budget_request_venue_hire": "0.00",
        "budget_request_catering": "0.00",
        "budget_request_others": "0.00",
        "budget_approved": "2000.00",
        "justification": ":-)",
        "additional_info": "",
        "extra_sponsored": "",
        "can_be_included_in_calendar": false,
        "can_be_advertise_before": false,
        "can_be_advertise_after": false,
        "ad_status": "V",
        "status": "A",
        "required_blog_posts": 1,
        "grant_heading": "F",
        "grant": "SSI2",
        "notes_from_admin": "",
        "added": "2016-07-07T14:59:46.412",
        "approved": "2018-11-16T15:44:32.420",
        "updated": "2018-11-16T15:44:32.421",
        "activity": [
            "conference",
            "training"
        ]
    }
},
{
    "model": "lowfat.fund",
    "pk": 3,
    "fields": {
        "claimant": 1,
        "category": "H",
        "focus": "C",
        "mandatory": false,
        "title": "9d681148",
        "url": "http://9d681148.co.uk",
        "country": "GB",
        "city": "U",
        "lon": -90.89369,
        "lat": -13.13435,
        "start_date": "2016-06-16",
        "end_date": "2016-06-24",
        "budget_request_travel": "2000.00",
        "budget_request_attendance_fees": "0.00",
        "budget_request_subsistence_cost": "0.00",
        "budget_request_venue_hire": "0.00",
        "budget_request_catering": "0.00",
        "budget_request_others": "0.00",
        "budget_approved": "2000.00",
        "justification": ":-)",
        "additional_info": "",
        "extra_sponsored": "",
        "can_be_included_in_calendar": false,
        "can_be_advertise_before": true,
        "can_be_advertise_after": true,
        "ad_status": "V",
        "status": "F",
        "required_blog_posts": 1,
        "grant_heading": "F",
        "grant": "SSI2",
        "notes_from_admin": "",
        "added": "2016-07-07T14:59:46.412",
        "approved": null,
        "updated": "2018-11-16T15:43:56.872",
        "activity": [
            "local",
            "panel",
            "survey",
            "workshop"
        ]
    }
},
{
    "model": "lowfat.fund",
    "pk": 4,
    "fields": {
        "claimant": 2,
        "category": "H",
        "focus": "C",
        "mandatory": false,
        "title": "9d680716",
        "url": "http://9d680716.co.uk",
        "country": "GB",
        "city": "U",
        "lon": 173.44064,
        "lat": 12.25341,
        "start_date": "2014-05-20",
        "end_date": "2014-05-24",
        "budget_request_travel": "1000.00",
        "budget_request_attendance_fees": "0.00",
        "budget_request_subsistence_cost": "0.00",
        "budget_request_venue_hire": "0.00",
        "budget_request_catering": "0.00",
        "budget_request_others": "0.00",
        "budget_approved": "1000.00",
        "justification": ":-)",
        "additional_info": "",
        "extra_sponsored": "",
        "can_be_included_in_calendar": false,
        "can_be_advertise_before": true,
        "can_be_advertise_after": true,
        "ad_status": "V",
        "status": "F",
        "required_blog_posts": 1,
        "grant_heading": "F",
        "grant": "SSI2",
        "notes_from_admin": "",
        "added": "2016-07-07T14:59:46.412",
        "approved": null,
        "updated": "2018-11-16T15:44:50.101",
        "activity": [
            "conference",
            "roundtable"
        ]
    }
},
{
    "model": "lowfat.fund",
    "pk": 5,
    "fields": {
        "claimant": 3,
        "category": "A",
        "focus": "C",
        "mandatory": false,
        "title": "9d68144a",
        "url": "http://9d68144a.co.uk",
        "country": "GB",
        "city": "U",
        "lon": 102.7173,
        "lat": 3.91522,
        "start_date": "2016-05-14",
        "end_date": "2016-05-15",
        "budget_request_travel": "2500.00",
        "budget_request_attendance_fees": "0.00",
        "budget_request_subsistence_cost": "0.00",
        "budget_request_venue_hire": "0.00",
        "budget_request_catering": "0.00",
        "budget_request_others": "0.00",
        "budget_approved": "2500.00",
        "justification": ":-)",
        "additional_info": "",
        "extra_sponsored": "",
        "can_be_included_in_calendar": false,
        "can_be_advertise_before": false,
        "can_be_advertise_after": false,
        "ad_status": "V",
        "status": "F",
        "required_blog_posts": 1,
        "grant_heading": "F",
        "grant": "SSI2",
        "notes_from_admin": "",
        "added": "2016-07-07T14:59:46.412",
        "approved": null,
        "updated": "2018-11-16T15:44:06.965",
        "activity": [
            "attending as ssi"
        ]
    }
},
{
    "model": "lowfat.fund",
    "pk": 6,
    "fields": {
        "claimant": 4,
        "category": "A",
        "focus": "C",
        "mandatory": false,
        "title": "9d6816de",
        "url": "http://9d6816de.co.uk",
        "country": "GB",
        "city": "U",
        "lon": -65.84834,
        "lat": 30.0518,
        "start_date": "2016-08-01",
        "end_date": "2016-08-03",
        "budget_request_travel": "500.00",
        "budget_request_attendance_fees": "0.00",
        "budget_request_subsistence_cost": "0.00",
        "budget_request_venue_hire": "0.00",
        "budget_request_catering": "0.00",
        "budget_request_others": "0.00",
        "budget_approved": "500.00",
        "justification": ":-)",
        "additional_info": "",
        "extra_sponsored": "",
        "can_be_included_in_calendar": false,
        "can_be_advertise_before": false,
        "can_be_advertise_after": false,
        "ad_status": "V",
        "status": "A",
        "required_blog_posts": 1,
        "grant_heading": "F",
        "grant": "SSI2",
        "notes_from_admin": "",
        "added": "2016-07-07T14:59:46.412",
        "approved": "2018-11-16T15:43:48.152",
        "updated": "2018-11-16T15:43:48.152",
        "activity": [
            "local",
            "policy",
            "unconference"
        ]
    }
},
{
    "model": "lowfat.fund",
    "pk": 7,
    "fields": {
        "claimant": 1,
        "category": "A",
        "focus": "C",
        "mandatory": false,
        "title": "9d6818e6",
        "url": "http://9d6818e6.co.uk",
        "country": "GB",
        "city": "U",
        "lon": -6.73372,
        "lat": 46.95474,
        "start_date": "2014-02-20",
        "end_date": "2014-02-22",
        "budget_request_travel": "500.00",
        "budget_request_attendance_fees": "0.00",
        "budget_request_subsistence_cost": "0.00",
        "budget_request_venue_hire": "0.00",
        "budget_request_catering": "0.00",
        "budget_request_others": "0.00",
        "budget_approved": "500.00",
        "justification": ":-)",
        "additional_info": "",
        "extra_sponsored": "",
        "can_be_included_in_calendar": false,
        "can_be_advertise_before": false,
        "can_be_advertise_after": false,
        "ad_status": "V",
        "status": "R",
        "required_blog_posts": 1,
        "grant_heading": "F",
        "grant": "SSI1",
        "notes_from_admin": "",
        "added": "2016-07-13T14:58:08.260",
        "approved": null,
        "updated": "2018-11-16T15:45:10.571",
        "activity": []
    }
},
{
    "model": "lowfat.fund",
    "pk": 8,
    "fields": {
        "claimant": 1,
        "category": "A",
        "focus": "C",
        "mandatory": false,
        "title": "9d681b66",
        "url": "http://9d681b66.co.uk",
        "country": "GB",
        "city": "U",
        "lon": -9.87283,
        "lat": -73.47064,
        "start_date": "2014-11-10",
        "end_date": "2014-11-12",
        "budget_request_travel": "0.00",
        "budget_request_attendance_fees": "0.00",
        "budget_request_subsistence_cost": "0.00",
        "budget_request_venue_hire": "0.00",
        "budget_request_catering": "1000.00",
        "budget_request_others": "0.00",
        "budget_approved": "0.00",
        "justification": ":-(",
        "additional_info": "",
        "extra_sponsored": "",
        "can_be_included_in_calendar": false,
        "can_be_advertise_before": false,
        "can_be_advertise_after": false,
        "ad_status": "H",
        "status": "F",
        "required_blog_posts": 1,
        "grant_heading": "F",
        "grant": "SSI1",
        "notes_from_admin": "",
        "added": "2016-07-13T14:59:44.036",
        "approved": null,
        "updated": "2018-11-16T15:44:42.068",
        "activity": [
            "local",
            "panel",
            "policy"
        ]
    }
},
{
    "model": "lowfat.fund",
    "pk": 9,
    "fields": {
        "claimant": 3,
        "category": "A",
        "focus": "C",
        "mandatory": false,
        "title": "9d681d8c",
        "url": "http://9d681d8c.co.uk",
        "country": "GB",
        "city": "U",
        "lon": 48.89437,
        "lat": 15.53126,
        "start_date": "2015-07-01",
        "end_date": "2015-07-29",
        "budget_request_travel": "1500.00",
        "budget_request_attendance_fees": "0.00",
        "budget_request_subsistence_cost": "0.00",
        "budget_request_venue_hire": "0.00",
        "budget_request_catering": "0.00",
        "budget_request_others": "0.00",
        "budget_approved": "0.00",
        "justification": ":-(",
        "additional_info": "",
        "extra_sponsored": "",
        "can_be_included_in_calendar": false,
        "can_be_advertise_before": false,
        "can_be_advertise_after": false,
        "ad_status": "H",
        "status": "R",
        "required_blog_posts": 1,
        "grant_heading": "F",
        "grant": "SSI2",
        "notes_from_admin": "",
        "added": "2016-07-13T15:01:25.316",
        "approved": null,
        "updated": "2018-11-16T15:44:20.948",
        "activity": []
    }
},
{
    "model": "lowfat.fund",
    "pk": 10,
    "fields": {
        "claimant": 4,
        "category": "H",
        "focus": "C",
        "mandatory": false,
        "title": "9d6816aa",
        "url": "http://9d6816aa.co.uk",
        "country": "GB",
        "city": "U",
        "lon": -65.84834,
        "lat": 30.0518,
        "start_date": "2016-09-25",
        "end_date": "2016-09-29",
        "budget_request_travel": "1000.00",
        "budget_request_attendance_fees": "0.00",
        "budget_request_subsistence_cost": "0.00",
        "budget_request_venue_hire": "0.00",
        "budget_request_catering": "500.00",
        "budget_request_others": "0.00",
        "budget_approved": "1500.00",
        "justification": ":-)",
        "additional_info": "",
        "extra_sponsored": "",
        "can_be_included_in_calendar": false,
        "can_be_advertise_before": true,
        "can_be_advertise_after": true,
        "ad_status": "V",
        "status": "P",
        "required_blog_posts": 1,
        "grant_heading": "F",
        "grant": "SSI2",
        "notes_from_admin": "",
        "added": "2016-07-07T14:59:46.412",
        "approved": null,
        "updated": "2018-11-16T15:43:38.915",
        "activity": []
    }
},
{
    "model": "lowfat.expense",
    "pk": 1,
    "fields": {
        "relative_number": 1,
        "invoice_reference": null,
        "fund": 8,
        "claim": "expenses/ec7.pdf",
        "amount_claimed": "500.00",
        "justification_for_extra": "",
        "invoice": false,
        "final": true,
        "advance_booking": false,
        "recipient_fullname": "",
        "recipient_email": "",
        "recipient_affiliation": "",
        "recipient_group": "",
        "recipient_connection": "",
        "status": "A",
        "asked_for_authorization_date": "2016-07-17",
        "send_to_finance_date": "2016-07-17",
        "amount_authorized_for_payment": "500.00",
        "grant_heading": "F",
        "grant": "SSI1",
        "notes_from_admin": "",
        "added": "2016-07-13T15:05:50.610",
        "updated": "2018-11-16T15:46:28.189"
    }
},
{
    "model": "lowfat.expense",
    "pk": 2,
    "fields": {
        "relative_number": 1,
        "invoice_reference": null,
        "fund": 2,
        "claim": "expenses/ec3.pdf",
        "amount_claimed": "20000.00",
        "justification_for_extra": "",
        "invoice": false,
        "final": true,
        "advance_booking": false,
        "recipient_fullname": "",
        "recipient_email": "",
        "recipient_affiliation": "",
        "recipient_group": "",
        "recipient_connection": "",
        "status": "C",
        "asked_for_authorization_date": "2016-07-17",
        "send_to_finance_date": "2016-07-17",
        "amount_authorized_for_payment": "2000.00",
        "grant_heading": "F",
        "grant": "SSI1",
        "notes_from_admin": "",
        "added": "2016-07-13T15:03:29.250",
        "updated": "2018-11-16T15:46:33.677"
    }
},
{
    "model": "lowfat.expense",
    "pk": 3,
    "fields": {
        "relative_number": 1,
        "invoice_reference": null,
        "fund": 3,
        "claim": "expenses/ec4.pdf",
        "amount_claimed": "400.00",
        "justification_for_extra": "",
        "invoice": false,
        "final": true,
        "advance_booking": false,
        "recipient_fullname": "",
        "recipient_email": "",
        "recipient_affiliation": "",
        "recipient_group": "",
        "recipient_connection": "",
        "status": "A",
        "asked_for_authorization_date": "2016-07-17",
        "send_to_finance_date": "2016-07-17",
        "amount_authorized_for_payment": "400.00",
        "grant_heading": "F",
        "grant": "SSI1",
        "notes_from_admin": "",
        "added": "2016-07-13T15:03:57.771",
        "updated": "2018-11-16T15:46:45.547"
    }
},
{
    "model": "lowfat.expense",
    "pk": 4,
    "fields": {
        "relative_number": 1,
        "invoice_reference": null,
        "fund": 1,
        "claim": "expenses/ec1.pdf",
        "amount_claimed": "1000.00",
        "justification_for_extra": "",
        "invoice": false,
        "final": true,
        "advance_booking": false,
        "recipient_fullname": "",
        "recipient_email": "",
        "recipient_affiliation": "",
        "recipient_group": "",
        "recipient_connection": "",
        "status": "C",
        "asked_for_authorization_date": null,
        "send_to_finance_date": null,
        "amount_authorized_for_payment": "0.00",
        "grant_heading": "C",
        "grant": "SSI1",
        "notes_from_admin": "",
        "added": "2016-07-07T14:59:46.412",
        "updated": "2018-11-16T15:46:15.615"
    }
},
{
    "model": "lowfat.expense",
    "pk": 5,
    "fields": {
        "relative_number": 1,
        "invoice_reference": null,
        "fund": 5,
        "claim": "expenses/ec6.pdf",
        "amount_claimed": "2500.00",
        "justification_for_extra": "",
        "invoice": false,
        "final": true,
        "advance_booking": false,
        "recipient_fullname": "",
        "recipient_email": "",
        "recipient_affiliation": "",
        "recipient_group": "",
        "recipient_connection": "",
        "status": "A",
        "asked_for_authorization_date": "2016-07-17",
        "send_to_finance_date": "2016-07-17",
        "amount_authorized_for_payment": "2500.00",
        "grant_heading": "F",
        "grant": "SSI2",
        "notes_from_admin": "",
        "added": "2016-07-13T15:04:56.919",
        "updated": "2018-11-16T15:46:39.225"
    }
},
{
    "model": "lowfat.expense",
    "pk": 6,
    "fields": {
        "relative_number": 2,
        "invoice_reference": null,
        "fund": 1,
        "claim": "expenses/ec2.pdf",
        "amount_claimed": "500.00",
        "justification_for_extra": "",
        "invoice": false,
        "final": false,
        "advance_booking": false,
        "recipient_fullname": "",
        "recipient_email": "",
        "recipient_affiliation": "",
        "recipient_group": "",
        "recipient_connection": "",
        "status": "A",
        "asked_for_authorization_date": "2016-07-17",
        "send_to_finance_date": "2016-07-17",
        "amount_authorized_for_payment": "500.00",
        "grant_heading": "F",
        "grant": "SSI1",
        "notes_from_admin": "",
        "added": "2016-07-07T14:59:46.412",
        "updated": "2016-07-17T14:02:48.682"
    }
},
{
    "model": "lowfat.expense",
    "pk": 7,
    "fields": {
        "relative_number": 1,
        "invoice_reference": null,
        "fund": 6,
        "claim": "expenses/ec8.pdf",
        "amount_claimed": "500.00",
        "justification_for_extra": "",
        "invoice": false,
        "final": true,
        "advance_booking": false,
        "recipient_fullname": "",
        "recipient_email": "",
        "recipient_affiliation": "",
        "recipient_group": "",
        "recipient_connection": "",
        "status": "C",
        "asked_for_authorization_date": "2016-07-17",
        "send_to_finance_date": "2016-07-17",
        "amount_authorized_for_payment": "500.00",
        "grant_heading": "F",
        "grant": "SSI1",
        "notes_from_admin": "",
        "added": "2016-07-13T15:05:22.698",
        "updated": "2018-11-16T15:46:50.906"
    }
},
{
    "model": "lowfat.expense",
    "pk": 8,
    "fields": {
        "relative_number": 1,
        "invoice_reference": null,
        "fund": 4,
        "claim": "expenses/ec5.pdf",
        "amount_claimed": "1000.00",
        "justification_for_extra": "",
        "invoice": false,
        "final": true,
        "advance_booking": false,
        "recipient_fullname": "",
        "recipient_email": "",
        "recipient_affiliation": "",
        "recipient_group": "",
        "recipient_connection": "",
        "status": "A",
        "asked_for_authorization_date": "2016-07-17",
        "send_to_finance_date": "2016-07-17",
        "amount_authorized_for_payment": "1000.00",
        "grant_heading": "F",
        "grant": "SSI2",
        "notes_from_admin": "",
        "added": "2016-07-13T15:04:23.530",
        "updated": "2018-11-16T15:46:22.116"
    }
},
{
    "model": "lowfat.blog",
    "pk": 1,
    "fields": {
        "fund": 1,
        "author": 2,
        "draft_url": "https://www.software.ac.uk",
        "final": true,
        "notes_from_author": null,
        "status": "P",
        "reviewer": 1,
        "notes_from_admin": "",
        "title": "9d680248",
        "published_url": "https://www.software.ac.uk",
        "tweet_url": "https://twitter.com",
        "added": "2016-07-07T14:59:46.412",
        "updated": "2016-09-05T11:02:39.139",
        "coauthor": []
    }
},
{
    "model": "lowfat.blog",
    "pk": 2,
    "fields": {
        "fund": 3,
        "author": 1,
        "draft_url": "https://www.software.ac.uk",
        "final": true,
        "notes_from_author": null,
        "status": "P",
        "reviewer": 1,
        "notes_from_admin": "",
        "title": "9d681148",
        "published_url": "https://www.software.ac.uk",
        "tweet_url": "",
        "added": "2016-09-05T11:02:44.988",
        "updated": "2016-09-05T11:02:44.988",
        "coauthor": []
    }
},
{
    "model": "lowfat.blog",
    "pk": 3,
    "fields": {
        "fund": 4,
        "author": 2,
        "draft_url": "https://www.software.ac.uk",
        "final": true,
        "notes_from_author": null,
        "status": "P",
        "reviewer": 1,
        "notes_from_admin": "",
        "title": "9d680716",
        "published_url": "https://www.software.ac.uk",
        "tweet_url": "https://twitter.com",
        "added": "2016-09-05T11:03:24.939",
        "updated": "2017-04-21T15:24:57.644",
        "coauthor": [
            1
        ]
    }
},
{
    "model": "lowfat.blog",
    "pk": 4,
    "fields": {
        "fund": 8,
        "author": 1,
        "draft_url": "https://www.software.ac.uk",
        "final": true,
        "notes_from_author": null,
        "status": "P",
        "reviewer": 1,
        "notes_from_admin": "",
        "title": "9d681b66",
        "published_url": "https://www.software.ac.uk",
        "tweet_url": "",
        "added": "2016-09-05T11:03:58.132",
        "updated": "2016-09-05T12:48:27.231",
        "coauthor": []
    }
},
{
    "model": "lowfat.blog",
    "pk": 6,
    "fields": {
        "fund": 2,
        "author": 5,
        "draft_url": "https://www.software.ac.uk",
        "final": true,
        "notes_from_author": null,
        "status": "R",
        "reviewer": 1,
        "notes_from_admin": "",
        "title": null,
        "published_url": "",
        "tweet_url": "",
        "added": "2016-09-05T11:04:51.282",
        "updated": "2016-09-05T11:04:51.282",
        "coauthor": []
    }
},
{
    "model": "lowfat.blog",
    "pk": 7,
    "fields": {
        "fund": 6,
        "author": 4,
        "draft_url": "https://www.software.ac.uk",
        "final": true,
        "notes_from_author": null,
        "status": "R",
        "reviewer": 1,
        "notes_from_admin": "",
        "title": null,
        "published_url": "",
        "tweet_url": "",
        "added": "2016-09-05T11:05:11.123",
        "updated": "2016-09-05T11:05:11.123",
        "coauthor": []
    }
},
{
    "model": "lowfat.blog",
    "pk": 8,
    "fields": {
        "fund": 3,
        "author": 1,
        "draft_url": "https://www.software.ac.uk",
        "final": true,
        "notes_from_author": null,
        "status": "P",
        "reviewer": 1,
        "notes_from_admin": "",
        "title": "9d681148",
        "published_url": "https://www.software.ac.uk",
        "tweet_url": "https://twitter.com",
        "added": "2016-12-07T14:54:00.483",
        "updated": "2016-12-07T14:54:00.483",
        "coauthor": []
    }
},
{
    "model": "lowfat.blog",
    "pk": 9,
    "fields": {
        "fund": null,
        "author": 4,
        "draft_url": "https://www.software.ac.uk",
        "final": false,
        "notes_from_author": null,
        "status": "U",
        "reviewer": null,
        "notes_from_admin": null,
        "title": null,
        "published_url": null,
        "tweet_url": null,
        "added": "2017-03-22T09:54:52.506",
        "updated": "2017-03-22T09:54:52.530",
        "coauthor": []
    }
},
{
    "model": "lowfat.blog",
    "pk": 10,
    "fields": {
        "fund": null,
        "author": 2,
        "draft_url": "https://www.software.ac.uk",
        "final": false,
        "notes_from_author": null,
        "status": "P",
        "reviewer": 1,
        "notes_from_admin": "",
        "title": "CW",
        "published_url": "https://www.software.ac.uk",
        "tweet_url": "https://twitter.com",
        "added": "2017-03-22T09:55:35.756",
        "updated": "2017-04-21T15:49:32.840",
        "coauthor": [
            3,
            1
        ]
    }
},
{
    "model": "lowfat.generalsentmail",
    "pk": 1,
    "fields": {
        "justification": "Good luck!",
        "sender": 1,
        "receiver": 1,
        "date": "2017-03-07"
    }
},
{
    "model": "lowfat.generalsentmail",
    "pk": 2,
    "fields": {
        "justification": "Good luck!",
        "sender": 1,
        "receiver": 1,
        "date": "2017-03-07"
    }
},
{
    "model": "lowfat.generalsentmail",
    "pk": 3,
    "fields": {
        "justification": "The budget looks wrong.",
        "sender": 1,
        "receiver": 1,
        "date": "2017-03-07"
    }
},
{
    "model": "lowfat.generalsentmail",
    "pk": 4,
    "fields": {
        "justification": "Great blog.",
        "sender": 1,
        "receiver": 1,
        "date": "2017-03-07"
    }
},
{
    "model": "lowfat.generalsentmail",
    "pk": 5,
    "fields": {
        "justification": "Great blog.",
        "sender": 1,
        "receiver": 1,
        "date": "2017-03-07"
    }
},
{
    "model": "lowfat.generalsentmail",
    "pk": 6,
    "fields": {
        "justification": "Looks good!",
        "sender": 1,
        "receiver": 1,
        "date": "2017-03-07"
    }
},
{
    "model": "lowfat.generalsentmail",
    "pk": 7,
    "fields": {
        "justification": "Looks good!",
        "sender": 1,
        "receiver": 1,
        "date": "2017-03-07"
    }
},
{
    "model": "lowfat.fundsentmail",
    "pk": 1,
    "fields": {
        "fund": 3
    }
},
{
    "model": "lowfat.fundsentmail",
    "pk": 2,
    "fields": {
        "fund": 8
    }
},
{
    "model": "lowfat.fundsentmail",
    "pk": 3,
    "fields": {
        "fund": 9
    }
},
{
    "model": "lowfat.expensesentmail",
    "pk": 6,
    "fields": {
        "expense": 1
    }
},
{
    "model": "lowfat.expensesentmail",
    "pk": 7,
    "fields": {
        "expense": 3
    }
},
{
    "model": "lowfat.blogsentmail",
    "pk": 4,
    "fields": {
        "blog": 2
    }
},
{
    "model": "lowfat.blogsentmail",
    "pk": 5,
    "fields": {
        "blog": 4
    }
}
]
