[
{
    "model": "auth.user",
    "pk": 1,
    "fields": {
        "password": "pbkdf2_sha256$30000$AdiounftvFQ6$HMsq84pr0B3aCxYpFT5ma2TbPeK8fPS0zs6kxAh+gIs=",
        "last_login": "2016-12-07T14:40:40",
        "is_superuser": true,
        "username": "admin",
        "first_name": "",
        "last_name": "",
        "email": "",
        "is_staff": true,
        "is_active": true,
        "date_joined": "2016-07-05T15:35:20",
        "groups": [],
        "user_permissions": []
    }
},
{
    "model": "auth.user",
    "pk": 2,
    "fields": {
        "password": "pbkdf2_sha256$24000$akC4vLu5QtP1$ceLsF/7gpsEGkmlizCoGzl8pzvSc6aDOAnFx+8UJzqQ=",
        "last_login": null,
        "is_superuser": false,
        "username": "hulk",
        "first_name": "",
        "last_name": "",
        "email": "",
        "is_staff": false,
        "is_active": true,
        "date_joined": "2016-06-17T14:15:09.775",
        "groups": [],
        "user_permissions": []
    }
},
{
    "model": "auth.user",
    "pk": 3,
    "fields": {
        "password": "pbkdf2_sha256$24000$cb0Dakeo8TNj$y63m1p5W1VkZ/qFlhjSkIPAKPuU9JTeQBN2usxo8UN8=",
        "last_login": null,
        "is_superuser": false,
        "username": "widow",
        "first_name": "",
        "last_name": "",
        "email": "",
        "is_staff": false,
        "is_active": true,
        "date_joined": "2016-06-17T14:15:51.545",
        "groups": [],
        "user_permissions": []
    }
},
{
    "model": "auth.user",
    "pk": 4,
    "fields": {
        "password": "pbkdf2_sha256$24000$KscCA8Wg9TQF$GVK2xEU5e3W7E7cv1IW07twHsP60uXJjgpvCefGE6Og=",
        "last_login": null,
        "is_superuser": false,
        "username": "arrow",
        "first_name": "",
        "last_name": "",
        "email": "",
        "is_staff": false,
        "is_active": true,
        "date_joined": "2016-06-17T14:16:10.787",
        "groups": [],
        "user_permissions": []
    }
},
{
    "model": "auth.user",
    "pk": 5,
    "fields": {
        "password": "pbkdf2_sha256$24000$nXq347kNluUI$WF+AB68gagyMKeuZ5bBvX6aYUVJVPSeJ6M6XddyPwXQ=",
        "last_login": null,
        "is_superuser": false,
        "username": "iron",
        "first_name": "",
        "last_name": "",
        "email": "",
        "is_staff": false,
        "is_active": true,
        "date_joined": "2016-06-17T14:16:27.618",
        "groups": [],
        "user_permissions": []
    }
},
{
    "model": "auth.user",
    "pk": 6,
    "fields": {
        "password": "pbkdf2_sha256$24000$1ajXNzBVQ5we$NuLVWhlQIwRvmJt3+17YOpcCmp6J+ZAXEVT8ctQeSeE=",
        "last_login": "2016-08-04T17:31:38.117",
        "is_superuser": false,
        "username": "captain",
        "first_name": "",
        "last_name": "",
        "email": "",
        "is_staff": false,
        "is_active": true,
        "date_joined": "2016-06-17T14:16:38.097",
        "groups": [],
        "user_permissions": []
    }
},
{
    "model": "auth.user",
    "pk": 7,
    "fields": {
        "password": "pbkdf2_sha256$36000$F5LjOjKL8ZgA$pgvdfHbRAlm4rNQN3F9anLMePX0njTcFsZgeyND8P24=",
        "last_login": "2017-08-30T13:11:56.287",
        "is_superuser": false,
        "username": "invader",
        "first_name": "",
        "last_name": "",
        "email": "",
        "is_staff": false,
        "is_active": true,
        "date_joined": "2017-08-30T13:00:54.403",
        "groups": [],
        "user_permissions": []
    }
},
{
    "model": "lowfat.termsandconditions",
    "pk": "2012",
    "fields": {
        "url": "https://www.software.ac.uk/fellowship-terms-and-conditions-2012"
    }
},
{
    "model": "lowfat.termsandconditions",
    "pk": "2013",
    "fields": {
        "url": "https://www.software.ac.uk/fellowship-terms-and-conditions-2013"
    }
},
{
    "model": "lowfat.termsandconditions",
    "pk": "2014",
    "fields": {
        "url": "https://www.software.ac.uk/fellowship-terms-and-conditions-2014"
    }
},
{
    "model": "lowfat.termsandconditions",
    "pk": "2015",
    "fields": {
        "url": "https://www.software.ac.uk/fellowship-terms-and-conditions-2015"
    }
},
{
    "model": "lowfat.termsandconditions",
    "pk": "2016",
    "fields": {
        "url": "https://www.software.ac.uk/fellowship-terms-and-conditions-2016"
    }
},
{
    "model": "lowfat.termsandconditions",
    "pk": "2017",
    "fields": {
        "url": "https://www.software.ac.uk/fellowship-terms-and-conditions-2017"
    }
},
{
    "model": "lowfat.termsandconditions",
    "pk": "2018",
    "fields": {
        "url": "https://www.software.ac.uk/fellowship-programme/2018/terms-and-conditions"
    }
},
{
    "model": "lowfat.termsandconditions",
    "pk": "2019",
    "fields": {
        "url": "https://www.software.ac.uk/fellowship-programme/2019/terms-and-conditions"
    }
},
{
    "model": "lowfat.claimant",
    "pk": 1,
    "fields": {
        "user": 6,
        "forenames": "Captain",
        "surname": "America",
        "email": "c.america@averengers.com",
        "phone": "+441111111111",
        "gender": "M",
        "home_country": "GB",
        "home_city": "L",
        "home_lon": null,
        "home_lat": null,
        "photo": "photos/ca.jpg",
        "career_stage_when_apply": "3",
        "job_title_when_apply": "",
        "research_area": "X",
        "research_area_code": "L3",
        "affiliation": "College",
        "department": "",
        "group": "",
        "funding": "Self-funded",
        "funding_notes": "",
        "interests": "",
        "work_description": "Work",
        "photo_work_description": "",
        "institutional_website": "",
        "website": "http://captain-america.fake/",
        "website_feed": "http://captain-america.fake/feed/",
        "orcid": "CaptainAmerica",
        "google_scholar": "",
        "github": "CaptainAmerica",
        "gitlab": "CaptainAmerica",
        "bitbucket": "",
        "twitter": "CaptainAmerica",
        "linkedin": "",
        "facebook": "CaptainAmerica",
        "slug": "captain-america",
        "terms_and_conditions": "2015",
        "application_year": 2014,
        "inauguration_grant_expiration": "2019-03-31",
        "received_offer": false,
        "fellow": true,
        "collaborator": false,
        "is_into_training": false,
        "carpentries_instructor": false,
        "research_software_engineer": false,
        "claimantship_grant": "3000.00",
        "attended_inaugural_meeting": false,
        "attended_collaborations_workshop": false,
        "notes_from_admin": "",
        "screencast_url": "",
        "example_of_writing_url": "",
        "mentor": null,
        "added": "2016-07-07T14:59:46.412",
        "updated": "2018-02-06T15:27:39.366"
    }
},
{
    "model": "lowfat.claimant",
    "pk": 2,
    "fields": {
        "user": 5,
        "forenames": "Iron",
        "surname": "Man",
        "email": "i.man@averengers.com",
        "phone": "+441111111112",
        "gender": "R",
        "home_country": "GB",
        "home_city": "B",
        "home_lon": null,
        "home_lat": null,
        "photo": "photos/im.jpg",
        "career_stage_when_apply": "3",
        "job_title_when_apply": "",
        "research_area": "",
        "research_area_code": "A1",
        "affiliation": "University",
        "department": "",
        "group": "",
        "funding": "EPSRC",
        "funding_notes": "",
        "interests": "",
        "work_description": "Tech",
        "photo_work_description": "",
        "institutional_website": "",
        "website": "http://iron-man.fake/",
        "website_feed": "http://iron-man.fake/feed/",
        "orcid": "IronMan",
        "google_scholar": "",
        "github": "IronMan",
        "gitlab": "IronMan",
        "bitbucket": "",
        "twitter": "IronMan",
        "linkedin": "",
        "facebook": "IronMan",
        "slug": "iron-man",
        "terms_and_conditions": "2016",
        "application_year": 2015,
        "inauguration_grant_expiration": "2019-03-31",
        "received_offer": false,
        "fellow": true,
        "collaborator": false,
        "is_into_training": false,
        "carpentries_instructor": false,
        "research_software_engineer": false,
        "claimantship_grant": "3000.00",
        "attended_inaugural_meeting": false,
        "attended_collaborations_workshop": false,
        "notes_from_admin": "",
        "screencast_url": "",
        "example_of_writing_url": "",
        "mentor": null,
        "added": "2016-07-07T14:59:46.412",
        "updated": "2018-02-06T15:27:25.708"
    }
},
{
    "model": "lowfat.claimant",
    "pk": 3,
    "fields": {
        "user": 4,
        "forenames": "Green",
        "surname": "Arrow",
        "email": "g.arrow@averengers.com",
        "phone": "+441111111113",
        "gender": "M",
        "home_country": "GB",
        "home_city": "L",
        "home_lon": null,
        "home_lat": null,
        "photo": "photos/av.jpg",
        "career_stage_when_apply": "3",
        "job_title_when_apply": "",
        "research_area": "",
        "research_area_code": "A1",
        "affiliation": "University",
        "department": "",
        "group": "",
        "funding": "EPSRC",
        "funding_notes": "",
        "interests": "",
        "work_description": "Work",
        "photo_work_description": "",
        "institutional_website": "",
        "website": "http://green-arrow.fake/",
        "website_feed": "http://green-arrow.fake/feed/",
        "orcid": "GreenArrow",
        "google_scholar": "",
        "github": "GreenArrow",
        "gitlab": "GreenArrow",
        "bitbucket": "",
        "twitter": "GreenArrow",
        "linkedin": "",
        "facebook": "GreenArrow",
        "slug": "green-arrow",
        "terms_and_conditions": "2016",
        "application_year": 2015,
        "inauguration_grant_expiration": "2019-03-31",
        "received_offer": false,
        "fellow": true,
        "collaborator": false,
        "is_into_training": false,
        "carpentries_instructor": false,
        "research_software_engineer": false,
        "claimantship_grant": "3000.00",
        "attended_inaugural_meeting": false,
        "attended_collaborations_workshop": false,
        "notes_from_admin": "",
        "screencast_url": "",
        "example_of_writing_url": "",
        "mentor": null,
        "added": "2016-07-07T14:59:46.412",
        "updated": "2018-02-06T15:27:13.848"
    }
},
{
    "model": "lowfat.claimant",
    "pk": 4,
    "fields": {
        "user": 3,
        "forenames": "Black",
        "surname": "Widow",
        "email": "b.widow@averengers.com",
        "phone": "+441111111114",
        "gender": "F",
        "home_country": "GB",
        "home_city": "L",
        "home_lon": null,
        "home_lat": null,
        "photo": "photos/vn.jpg",
        "career_stage_when_apply": "3",
        "job_title_when_apply": "",
        "research_area": "",
        "research_area_code": "A1",
        "affiliation": "College",
        "department": "",
        "group": "",
        "funding": "AHRC",
        "funding_notes": "",
        "interests": "",
        "work_description": "Work.",
        "photo_work_description": "",
        "institutional_website": "",
        "website": "http://black-widow.fake/",
        "website_feed": "http://black-widow.fake/feed/",
        "orcid": "BlackWidow",
        "google_scholar": "",
        "github": "BlackWidow",
        "gitlab": "BlackWidow",
        "bitbucket": "",
        "twitter": "BlackWidow",
        "linkedin": "",
        "facebook": "BlackWidow",
        "slug": "black-widow",
        "terms_and_conditions": "2017",
        "application_year": 2016,
        "inauguration_grant_expiration": "2019-03-31",
        "received_offer": false,
        "fellow": true,
        "collaborator": false,
        "is_into_training": false,
        "carpentries_instructor": false,
        "research_software_engineer": false,
        "claimantship_grant": "3000.00",
        "attended_inaugural_meeting": false,
        "attended_collaborations_workshop": false,
        "notes_from_admin": "",
        "screencast_url": "",
        "example_of_writing_url": "",
        "mentor": 1,
        "added": "2016-07-07T14:59:46.412",
        "updated": "2018-02-06T15:48:04.747"
    }
},
{
    "model": "lowfat.claimant",
    "pk": 5,
    "fields": {
        "user": 2,
        "forenames": "The",
        "surname": "Hulk",
        "email": "t.hulk@averengers.com",
        "phone": "+441111111115",
        "gender": "M",
        "home_country": "GB",
        "home_city": "S",
        "home_lon": null,
        "home_lat": null,
        "photo": "photos/hu.jpg",
        "career_stage_when_apply": "3",
        "job_title_when_apply": "",
        "research_area": "",
        "research_area_code": "A1",
        "affiliation": "University",
        "department": "",
        "group": "",
        "funding": "EPSRC",
        "funding_notes": "",
        "interests": "",
        "work_description": "Work",
        "photo_work_description": "",
        "institutional_website": "",
        "website": "http://the-hulk.fake/",
        "website_feed": "http://the-hulk.fake/feed/",
        "orcid": "TheHulk",
        "google_scholar": "",
        "github": "TheHulk",
        "gitlab": "TheHulk",
        "bitbucket": "",
        "twitter": "TheHulk",
        "linkedin": "",
        "facebook": "TheHulk",
        "slug": "the-hulk",
        "terms_and_conditions": "2017",
        "application_year": 2016,
        "inauguration_grant_expiration": "2019-03-31",
        "received_offer": false,
        "fellow": true,
        "collaborator": false,
        "is_into_training": false,
        "carpentries_instructor": false,
        "research_software_engineer": false,
        "claimantship_grant": "3000.00",
        "attended_inaugural_meeting": false,
        "attended_collaborations_workshop": false,
        "notes_from_admin": "",
        "screencast_url": "",
        "example_of_writing_url": "",
        "mentor": 2,
        "added": "2016-07-07T14:59:46.412",
        "updated": "2018-02-06T15:26:59.858"
    }
},
{
    "model": "lowfat.claimant",
    "pk": 6,
    "fields": {
        "user": null,
        "forenames": "Spider",
        "surname": "Man",
        "email": "s.man@averengers.com",
        "phone": "+441111111116",
        "gender": "M",
        "home_country": "GB",
        "home_city": "G",
        "home_lon": null,
        "home_lat": null,
        "photo": "",
        "career_stage_when_apply": "3",
        "job_title_when_apply": "",
        "research_area": "",
        "research_area_code": "Y0",
        "affiliation": "University",
        "department": "",
        "group": "",
        "funding": "",
        "funding_notes": "",
        "interests": "",
        "work_description": "Work.",
        "photo_work_description": "",
        "institutional_website": "",
        "website": "http://spider-man.fake/",
        "website_feed": "http://spider-man.fake/feed/",
        "orcid": "SpiderMan",
        "google_scholar": "",
        "github": "SpiderMan",
        "gitlab": "SpiderMan",
        "bitbucket": "",
        "twitter": "SpiderMan",
        "linkedin": "",
        "facebook": "SpiderMan",
        "slug": "spider-man",
        "terms_and_conditions": "2018",
        "application_year": 2017,
        "inauguration_grant_expiration": "2019-03-31",
        "received_offer": false,
        "fellow": false,
        "collaborator": false,
        "is_into_training": false,
        "carpentries_instructor": false,
        "research_software_engineer": false,
        "claimantship_grant": "0.00",
        "attended_inaugural_meeting": false,
        "attended_collaborations_workshop": false,
        "notes_from_admin": "",
        "screencast_url": "",
        "example_of_writing_url": "",
        "mentor": null,
        "added": "2016-09-01T12:39:56.259",
        "updated": "2018-02-06T15:47:48.626"
    }
},
{
    "model": "lowfat.fund",
    "pk": 1,
    "fields": {
        "claimant": 2,
        "category": "O",
        "category_other": "",
        "mandatory": false,
        "title": "9d680248 - Iron Man",
        "url": "http://9d680248.com",
        "country": "GB",
        "city": "U",
        "lon": -71.04731,
        "lat": 167.75629,
        "start_date": "2014-05-16",
        "end_date": "2014-05-18",
        "budget_request_travel": "1500.00",
        "budget_request_attendance_fees": "0.00",
        "budget_request_subsistence_cost": "0.00",
        "budget_request_venue_hire": "0.00",
        "budget_request_catering": "0.00",
        "budget_request_others": "0.00",
        "budget_approved": "1500.00",
        "justification": ":-)",
        "additional_info": "",
        "extra_sponsored": "",
        "can_be_advertise_before": false,
        "can_be_advertise_after": false,
        "ad_status": "V",
        "status": "F",
        "required_blog_posts": 1,
        "funds_from_default": "F",
        "grant_default": "SSI2",
        "notes_from_admin": "",
        "added": "2016-07-07T14:59:46.412",
        "approved": null,
        "updated": "2016-07-17T14:10:36.273"
    }
},
{
    "model": "lowfat.fund",
    "pk": 2,
    "fields": {
        "claimant": 5,
        "category": "H",
        "category_other": "",
        "mandatory": false,
        "title": "9d683330 - The Hulk",
        "url": "http://9d683330.com",
        "country": "GB",
        "city": "U",
        "lon": -178.32413,
        "lat": -20.63223,
        "start_date": "2015-05-14",
        "end_date": "2015-05-24",
        "budget_request_travel": "2000.00",
        "budget_request_attendance_fees": "0.00",
        "budget_request_subsistence_cost": "1000.00",
        "budget_request_venue_hire": "0.00",
        "budget_request_catering": "0.00",
        "budget_request_others": "0.00",
        "budget_approved": "2000.00",
        "justification": ":-)",
        "additional_info": "",
        "extra_sponsored": "",
        "can_be_advertise_before": false,
        "can_be_advertise_after": false,
        "ad_status": "V",
        "status": "A",
        "required_blog_posts": 1,
        "funds_from_default": "F",
        "grant_default": "SSI2",
        "notes_from_admin": "",
        "added": "2016-07-07T14:59:46.412",
        "approved": "2017-05-22T16:14:32.070",
        "updated": "2017-05-22T16:14:32.070"
    }
},
{
    "model": "lowfat.fund",
    "pk": 3,
    "fields": {
        "claimant": 1,
        "category": "H",
        "category_other": "",
        "mandatory": false,
        "title": "9d681148 - Captain America",
        "url": "http://9d681148.com",
        "country": "GB",
        "city": "U",
        "lon": -90.89369,
        "lat": -13.13435,
        "start_date": "2016-06-16",
        "end_date": "2016-06-24",
        "budget_request_travel": "2000.00",
        "budget_request_attendance_fees": "0.00",
        "budget_request_subsistence_cost": "0.00",
        "budget_request_venue_hire": "0.00",
        "budget_request_catering": "0.00",
        "budget_request_others": "0.00",
        "budget_approved": "2000.00",
        "justification": ":-)",
        "additional_info": "",
        "extra_sponsored": "",
        "can_be_advertise_before": true,
        "can_be_advertise_after": true,
        "ad_status": "V",
        "status": "F",
        "required_blog_posts": 1,
        "funds_from_default": "F",
        "grant_default": "SSI2",
        "notes_from_admin": "",
        "added": "2016-07-07T14:59:46.412",
        "approved": null,
        "updated": "2016-07-17T14:09:12.999"
    }
},
{
    "model": "lowfat.fund",
    "pk": 4,
    "fields": {
        "claimant": 2,
        "category": "H",
        "category_other": "",
        "mandatory": false,
        "title": "9d680716 - Iron Man",
        "url": "http://9d680716.com",
        "country": "GB",
        "city": "U",
        "lon": 173.44064,
        "lat": 12.25341,
        "start_date": "2014-05-20",
        "end_date": "2014-05-24",
        "budget_request_travel": "1000.00",
        "budget_request_attendance_fees": "0.00",
        "budget_request_subsistence_cost": "0.00",
        "budget_request_venue_hire": "0.00",
        "budget_request_catering": "0.00",
        "budget_request_others": "0.00",
        "budget_approved": "1000.00",
        "justification": ":-)",
        "additional_info": "",
        "extra_sponsored": "",
        "can_be_advertise_before": true,
        "can_be_advertise_after": true,
        "ad_status": "V",
        "status": "F",
        "required_blog_posts": 1,
        "funds_from_default": "F",
        "grant_default": "SSI2",
        "notes_from_admin": "",
        "added": "2016-07-07T14:59:46.412",
        "approved": null,
        "updated": "2016-07-17T14:10:21.669"
    }
},
{
    "model": "lowfat.fund",
    "pk": 5,
    "fields": {
        "claimant": 3,
        "category": "O",
        "category_other": "",
        "mandatory": false,
        "title": "9d68144a - Green Arrow",
        "url": "http://9d68144a.com",
        "country": "GB",
        "city": "U",
        "lon": 102.7173,
        "lat": 3.91522,
        "start_date": "2016-05-14",
        "end_date": "2016-05-15",
        "budget_request_travel": "2500.00",
        "budget_request_attendance_fees": "0.00",
        "budget_request_subsistence_cost": "0.00",
        "budget_request_venue_hire": "0.00",
        "budget_request_catering": "0.00",
        "budget_request_others": "0.00",
        "budget_approved": "2500.00",
        "justification": ":-)",
        "additional_info": "",
        "extra_sponsored": "",
        "can_be_advertise_before": false,
        "can_be_advertise_after": false,
        "ad_status": "V",
        "status": "F",
        "required_blog_posts": 1,
        "funds_from_default": "F",
        "grant_default": "SSI2",
        "notes_from_admin": "",
        "added": "2016-07-07T14:59:46.412",
        "approved": null,
        "updated": "2016-07-17T14:10:06.354"
    }
},
{
    "model": "lowfat.fund",
    "pk": 6,
    "fields": {
        "claimant": 4,
        "category": "O",
        "category_other": "",
        "mandatory": false,
        "title": "9d6816de - Black Widow",
        "url": "http://9d6816de.com",
        "country": "GB",
        "city": "U",
        "lon": -65.84834,
        "lat": 30.0518,
        "start_date": "2016-08-01",
        "end_date": "2016-08-03",
        "budget_request_travel": "500.00",
        "budget_request_attendance_fees": "0.00",
        "budget_request_subsistence_cost": "0.00",
        "budget_request_venue_hire": "0.00",
        "budget_request_catering": "0.00",
        "budget_request_others": "0.00",
        "budget_approved": "500.00",
        "justification": ":-)",
        "additional_info": "",
        "extra_sponsored": "",
        "can_be_advertise_before": false,
        "can_be_advertise_after": false,
        "ad_status": "V",
        "status": "A",
        "required_blog_posts": 1,
        "funds_from_default": "F",
        "grant_default": "SSI2",
        "notes_from_admin": "",
        "added": "2016-07-07T14:59:46.412",
        "approved": "2017-05-22T16:14:32.068",
        "updated": "2017-05-22T16:14:32.068"
    }
},
{
    "model": "lowfat.fund",
    "pk": 7,
    "fields": {
        "claimant": 1,
        "category": "A",
        "category_other": "",
        "mandatory": false,
        "title": "9d6818e6 - Captain America",
        "url": "http://9d6818e6.com",
        "country": "GB",
        "city": "U",
        "lon": -6.73372,
        "lat": 46.95474,
        "start_date": "2014-02-20",
        "end_date": "2014-02-22",
        "budget_request_travel": "500.00",
        "budget_request_attendance_fees": "0.00",
        "budget_request_subsistence_cost": "0.00",
        "budget_request_venue_hire": "0.00",
        "budget_request_catering": "0.00",
        "budget_request_others": "0.00",
        "budget_approved": "500.00",
        "justification": ":-)",
        "additional_info": "",
        "extra_sponsored": "",
        "can_be_advertise_before": false,
        "can_be_advertise_after": false,
        "ad_status": "V",
        "status": "R",
        "required_blog_posts": 1,
        "funds_from_default": "F",
        "grant_default": "SSI1",
        "notes_from_admin": "",
        "added": "2016-07-13T14:58:08.260",
        "approved": null,
        "updated": "2016-07-17T14:09:23.715"
    }
},
{
    "model": "lowfat.fund",
    "pk": 8,
    "fields": {
        "claimant": 1,
        "category": "A",
        "category_other": "",
        "mandatory": false,
        "title": "9d681b66 - Captain America",
        "url": "http://9d681b66.com",
        "country": "GB",
        "city": "U",
        "lon": -9.87283,
        "lat": -73.47064,
        "start_date": "2014-11-10",
        "end_date": "2014-11-12",
        "budget_request_travel": "0.00",
        "budget_request_attendance_fees": "0.00",
        "budget_request_subsistence_cost": "0.00",
        "budget_request_venue_hire": "0.00",
        "budget_request_catering": "1000.00",
        "budget_request_others": "0.00",
        "budget_approved": "0.00",
        "justification": ":-(",
        "additional_info": "",
        "extra_sponsored": "",
        "can_be_advertise_before": false,
        "can_be_advertise_after": false,
        "ad_status": "H",
        "status": "F",
        "required_blog_posts": 1,
        "funds_from_default": "F",
        "grant_default": "SSI1",
        "notes_from_admin": "",
        "added": "2016-07-13T14:59:44.036",
        "approved": null,
        "updated": "2016-07-13T14:59:44.036"
    }
},
{
    "model": "lowfat.fund",
    "pk": 9,
    "fields": {
        "claimant": 3,
        "category": "A",
        "category_other": "",
        "mandatory": false,
        "title": "9d681d8c - Green Arrow",
        "url": "http://9d681d8c.com",
        "country": "GB",
        "city": "U",
        "lon": 48.89437,
        "lat": 15.53126,
        "start_date": "2015-07-01",
        "end_date": "2015-07-29",
        "budget_request_travel": "1500.00",
        "budget_request_attendance_fees": "0.00",
        "budget_request_subsistence_cost": "0.00",
        "budget_request_venue_hire": "0.00",
        "budget_request_catering": "0.00",
        "budget_request_others": "0.00",
        "budget_approved": "0.00",
        "justification": ":-(",
        "additional_info": "",
        "extra_sponsored": "",
        "can_be_advertise_before": false,
        "can_be_advertise_after": false,
        "ad_status": "H",
        "status": "R",
        "required_blog_posts": 1,
        "funds_from_default": "F",
        "grant_default": "SSI2",
        "notes_from_admin": "",
        "added": "2016-07-13T15:01:25.316",
        "approved": null,
        "updated": "2016-09-05T10:51:42.337"
    }
},
{
    "model": "lowfat.fund",
    "pk": 10,
    "fields": {
        "claimant": 4,
        "category": "H",
        "category_other": "",
        "mandatory": false,
        "title": "9d6816aa - Black Widow",
        "url": "http://9d6816aa.com",
        "country": "GB",
        "city": "U",
        "lon": -65.84834,
        "lat": 30.0518,
        "start_date": "2016-09-25",
        "end_date": "2016-09-29",
        "budget_request_travel": "1000.00",
        "budget_request_attendance_fees": "0.00",
        "budget_request_subsistence_cost": "0.00",
        "budget_request_venue_hire": "0.00",
        "budget_request_catering": "500.00",
        "budget_request_others": "0.00",
        "budget_approved": "1500.00",
        "justification": ":-)",
        "additional_info": "",
        "extra_sponsored": "",
        "can_be_advertise_before": true,
        "can_be_advertise_after": true,
        "ad_status": "V",
        "status": "P",
        "required_blog_posts": 1,
        "funds_from_default": "F",
        "grant_default": "SSI2",
        "notes_from_admin": "",
        "added": "2016-07-07T14:59:46.412",
        "approved": null,
        "updated": "2016-09-05T10:53:16.027"
    }
},
{
    "model": "lowfat.expense",
    "pk": 1,
    "fields": {
        "relative_number": 1,
        "invoice_reference": null,
        "fund": 8,
        "claim": "expenses/ec7.pdf",
        "amount_claimed": "500.00",
        "justification_for_extra": "",
        "invoice": false,
        "final": false,
        "advance_booking": false,
        "recipient_fullname": "",
        "recipient_email": "",
        "recipient_affiliation": "",
        "recipient_group": "",
        "recipient_connection": "",
        "status": "F",
        "asked_for_authorization_date": "2016-07-17",
        "send_to_finance_date": "2016-07-17",
        "amount_authorized_for_payment": "500.00",
        "funds_from": "F",
        "grant_used": "SSI1",
        "notes_from_admin": "",
        "added": "2016-07-13T15:05:50.610",
        "updated": "2016-07-17T13:58:56.945"
    }
},
{
    "model": "lowfat.expense",
    "pk": 2,
    "fields": {
        "relative_number": 1,
        "invoice_reference": null,
        "fund": 2,
        "claim": "expenses/ec3.pdf",
        "amount_claimed": "20000.00",
        "justification_for_extra": "",
        "invoice": false,
        "final": false,
        "advance_booking": false,
        "recipient_fullname": "",
        "recipient_email": "",
        "recipient_affiliation": "",
        "recipient_group": "",
        "recipient_connection": "",
        "status": "C",
        "asked_for_authorization_date": "2016-07-17",
        "send_to_finance_date": "2016-07-17",
        "amount_authorized_for_payment": "2000.00",
        "funds_from": "F",
        "grant_used": "SSI1",
        "notes_from_admin": "",
        "added": "2016-07-13T15:03:29.250",
        "updated": "2016-07-17T13:59:13.965"
    }
},
{
    "model": "lowfat.expense",
    "pk": 3,
    "fields": {
        "relative_number": 1,
        "invoice_reference": null,
        "fund": 3,
        "claim": "expenses/ec4.pdf",
        "amount_claimed": "400.00",
        "justification_for_extra": "",
        "invoice": false,
        "final": false,
        "advance_booking": false,
        "recipient_fullname": "",
        "recipient_email": "",
        "recipient_affiliation": "",
        "recipient_group": "",
        "recipient_connection": "",
        "status": "F",
        "asked_for_authorization_date": "2016-07-17",
        "send_to_finance_date": "2016-07-17",
        "amount_authorized_for_payment": "400.00",
        "funds_from": "F",
        "grant_used": "SSI1",
        "notes_from_admin": "",
        "added": "2016-07-13T15:03:57.771",
        "updated": "2016-07-17T13:59:25.548"
    }
},
{
    "model": "lowfat.expense",
    "pk": 4,
    "fields": {
        "relative_number": 1,
        "invoice_reference": null,
        "fund": 1,
        "claim": "expenses/ec1.pdf",
        "amount_claimed": "1000.00",
        "justification_for_extra": "",
        "invoice": false,
        "final": false,
        "advance_booking": false,
        "recipient_fullname": "",
        "recipient_email": "",
        "recipient_affiliation": "",
        "recipient_group": "",
        "recipient_connection": "",
        "status": "P",
        "asked_for_authorization_date": null,
        "send_to_finance_date": null,
        "amount_authorized_for_payment": "0.00",
        "funds_from": "C",
        "grant_used": "SSI1",
        "notes_from_admin": "",
        "added": "2016-07-07T14:59:46.412",
        "updated": "2016-07-17T14:03:11.682"
    }
},
{
    "model": "lowfat.expense",
    "pk": 5,
    "fields": {
        "relative_number": 1,
        "invoice_reference": null,
        "fund": 5,
        "claim": "expenses/ec6.pdf",
        "amount_claimed": "2500.00",
        "justification_for_extra": "",
        "invoice": false,
        "final": false,
        "advance_booking": false,
        "recipient_fullname": "",
        "recipient_email": "",
        "recipient_affiliation": "",
        "recipient_group": "",
        "recipient_connection": "",
        "status": "F",
        "asked_for_authorization_date": "2016-07-17",
        "send_to_finance_date": "2016-07-17",
        "amount_authorized_for_payment": "2500.00",
        "funds_from": "F",
        "grant_used": "SSI2",
        "notes_from_admin": "",
        "added": "2016-07-13T15:04:56.919",
        "updated": "2016-07-17T14:03:06.035"
    }
},
{
    "model": "lowfat.expense",
    "pk": 6,
    "fields": {
        "relative_number": 2,
        "invoice_reference": null,
        "fund": 1,
        "claim": "expenses/ec2.pdf",
        "amount_claimed": "500.00",
        "justification_for_extra": "",
        "invoice": false,
        "final": false,
        "advance_booking": false,
        "recipient_fullname": "",
        "recipient_email": "",
        "recipient_affiliation": "",
        "recipient_group": "",
        "recipient_connection": "",
        "status": "F",
        "asked_for_authorization_date": "2016-07-17",
        "send_to_finance_date": "2016-07-17",
        "amount_authorized_for_payment": "500.00",
        "funds_from": "F",
        "grant_used": "SSI1",
        "notes_from_admin": "",
        "added": "2016-07-07T14:59:46.412",
        "updated": "2016-07-17T14:02:48.682"
    }
},
{
    "model": "lowfat.expense",
    "pk": 7,
    "fields": {
        "relative_number": 1,
        "invoice_reference": null,
        "fund": 6,
        "claim": "expenses/ec8.pdf",
        "amount_claimed": "500.00",
        "justification_for_extra": "",
        "invoice": false,
        "final": false,
        "advance_booking": false,
        "recipient_fullname": "",
        "recipient_email": "",
        "recipient_affiliation": "",
        "recipient_group": "",
        "recipient_connection": "",
        "status": "C",
        "asked_for_authorization_date": "2016-07-17",
        "send_to_finance_date": "2016-07-17",
        "amount_authorized_for_payment": "500.00",
        "funds_from": "F",
        "grant_used": "SSI1",
        "notes_from_admin": "",
        "added": "2016-07-13T15:05:22.698",
        "updated": "2016-07-17T14:02:32.024"
    }
},
{
    "model": "lowfat.expense",
    "pk": 8,
    "fields": {
        "relative_number": 1,
        "invoice_reference": null,
        "fund": 4,
        "claim": "expenses/ec5.pdf",
        "amount_claimed": "1000.00",
        "justification_for_extra": "",
        "invoice": false,
        "final": false,
        "advance_booking": false,
        "recipient_fullname": "",
        "recipient_email": "",
        "recipient_affiliation": "",
        "recipient_group": "",
        "recipient_connection": "",
        "status": "F",
        "asked_for_authorization_date": "2016-07-17",
        "send_to_finance_date": "2016-07-17",
        "amount_authorized_for_payment": "1000.00",
        "funds_from": "F",
        "grant_used": "SSI2",
        "notes_from_admin": "",
        "added": "2016-07-13T15:04:23.530",
        "updated": "2016-07-17T14:02:07.034"
    }
},
{
    "model": "lowfat.blog",
    "pk": 1,
    "fields": {
        "fund": 1,
        "author": 2,
        "draft_url": "https://www.software.ac.uk",
        "final": true,
        "notes_from_author": null,
        "status": "P",
        "reviewer": 1,
        "notes_from_admin": "",
        "title": "9d680248",
        "published_url": "https://www.software.ac.uk",
        "tweet_url": "https://twitter.com",
        "added": "2016-07-07T14:59:46.412",
        "updated": "2016-09-05T11:02:39.139",
        "coauthor": []
    }
},
{
    "model": "lowfat.blog",
    "pk": 2,
    "fields": {
        "fund": 3,
        "author": 1,
        "draft_url": "https://www.software.ac.uk",
        "final": true,
        "notes_from_author": null,
        "status": "P",
        "reviewer": 1,
        "notes_from_admin": "",
        "title": "9d681148",
        "published_url": "https://www.software.ac.uk",
        "tweet_url": "",
        "added": "2016-09-05T11:02:44.988",
        "updated": "2016-09-05T11:02:44.988",
        "coauthor": []
    }
},
{
    "model": "lowfat.blog",
    "pk": 3,
    "fields": {
        "fund": 4,
        "author": 2,
        "draft_url": "https://www.software.ac.uk",
        "final": true,
        "notes_from_author": null,
        "status": "P",
        "reviewer": 1,
        "notes_from_admin": "",
        "title": "9d680716",
        "published_url": "https://www.software.ac.uk",
        "tweet_url": "https://twitter.com",
        "added": "2016-09-05T11:03:24.939",
        "updated": "2017-04-21T15:24:57.644",
        "coauthor": [
            1
        ]
    }
},
{
    "model": "lowfat.blog",
    "pk": 4,
    "fields": {
        "fund": 8,
        "author": 1,
        "draft_url": "https://www.software.ac.uk",
        "final": true,
        "notes_from_author": null,
        "status": "P",
        "reviewer": 1,
        "notes_from_admin": "",
        "title": "9d681b66",
        "published_url": "https://www.software.ac.uk",
        "tweet_url": "",
        "added": "2016-09-05T11:03:58.132",
        "updated": "2016-09-05T12:48:27.231",
        "coauthor": []
    }
},
{
    "model": "lowfat.blog",
    "pk": 6,
    "fields": {
        "fund": 2,
        "author": 5,
        "draft_url": "https://www.software.ac.uk",
        "final": true,
        "notes_from_author": null,
        "status": "R",
        "reviewer": 1,
        "notes_from_admin": "",
        "title": null,
        "published_url": "",
        "tweet_url": "",
        "added": "2016-09-05T11:04:51.282",
        "updated": "2016-09-05T11:04:51.282",
        "coauthor": []
    }
},
{
    "model": "lowfat.blog",
    "pk": 7,
    "fields": {
        "fund": 6,
        "author": 4,
        "draft_url": "https://www.software.ac.uk",
        "final": true,
        "notes_from_author": null,
        "status": "R",
        "reviewer": 1,
        "notes_from_admin": "",
        "title": null,
        "published_url": "",
        "tweet_url": "",
        "added": "2016-09-05T11:05:11.123",
        "updated": "2016-09-05T11:05:11.123",
        "coauthor": []
    }
},
{
    "model": "lowfat.blog",
    "pk": 8,
    "fields": {
        "fund": 3,
        "author": 1,
        "draft_url": "https://www.software.ac.uk",
        "final": true,
        "notes_from_author": null,
        "status": "P",
        "reviewer": 1,
        "notes_from_admin": "",
        "title": "9d681148",
        "published_url": "https://www.software.ac.uk",
        "tweet_url": "https://twitter.com",
        "added": "2016-12-07T14:54:00.483",
        "updated": "2016-12-07T14:54:00.483",
        "coauthor": []
    }
},
{
    "model": "lowfat.blog",
    "pk": 9,
    "fields": {
        "fund": null,
        "author": 4,
        "draft_url": "https://www.software.ac.uk",
        "final": false,
        "notes_from_author": null,
        "status": "U",
        "reviewer": null,
        "notes_from_admin": null,
        "title": null,
        "published_url": null,
        "tweet_url": null,
        "added": "2017-03-22T09:54:52.506",
        "updated": "2017-03-22T09:54:52.530",
        "coauthor": []
    }
},
{
    "model": "lowfat.blog",
    "pk": 10,
    "fields": {
        "fund": null,
        "author": 2,
        "draft_url": "https://www.software.ac.uk",
        "final": false,
        "notes_from_author": null,
        "status": "P",
        "reviewer": 1,
        "notes_from_admin": "",
        "title": "CW",
        "published_url": "https://www.software.ac.uk",
        "tweet_url": "https://twitter.com",
        "added": "2017-03-22T09:55:35.756",
        "updated": "2017-04-21T15:49:32.840",
        "coauthor": [
            3,
            1
        ]
    }
},
{
    "model": "lowfat.generalsentmail",
    "pk": 1,
    "fields": {
        "justification": "Good luck!",
        "sender": 1,
        "receiver": 1,
        "date": "2017-03-07"
    }
},
{
    "model": "lowfat.generalsentmail",
    "pk": 2,
    "fields": {
        "justification": "Good luck!",
        "sender": 1,
        "receiver": 1,
        "date": "2017-03-07"
    }
},
{
    "model": "lowfat.generalsentmail",
    "pk": 3,
    "fields": {
        "justification": "The budget looks wrong.",
        "sender": 1,
        "receiver": 1,
        "date": "2017-03-07"
    }
},
{
    "model": "lowfat.generalsentmail",
    "pk": 4,
    "fields": {
        "justification": "Great blog.",
        "sender": 1,
        "receiver": 1,
        "date": "2017-03-07"
    }
},
{
    "model": "lowfat.generalsentmail",
    "pk": 5,
    "fields": {
        "justification": "Great blog.",
        "sender": 1,
        "receiver": 1,
        "date": "2017-03-07"
    }
},
{
    "model": "lowfat.generalsentmail",
    "pk": 6,
    "fields": {
        "justification": "Looks good!",
        "sender": 1,
        "receiver": 1,
        "date": "2017-03-07"
    }
},
{
    "model": "lowfat.generalsentmail",
    "pk": 7,
    "fields": {
        "justification": "Looks good!",
        "sender": 1,
        "receiver": 1,
        "date": "2017-03-07"
    }
},
{
    "model": "lowfat.fundsentmail",
    "pk": 1,
    "fields": {
        "fund": 3
    }
},
{
    "model": "lowfat.fundsentmail",
    "pk": 2,
    "fields": {
        "fund": 8
    }
},
{
    "model": "lowfat.fundsentmail",
    "pk": 3,
    "fields": {
        "fund": 9
    }
},
{
    "model": "lowfat.expensesentmail",
    "pk": 6,
    "fields": {
        "expense": 1
    }
},
{
    "model": "lowfat.expensesentmail",
    "pk": 7,
    "fields": {
        "expense": 3
    }
},
{
    "model": "lowfat.blogsentmail",
    "pk": 4,
    "fields": {
        "blog": 2
    }
},
{
    "model": "lowfat.blogsentmail",
    "pk": 5,
    "fields": {
        "blog": 4
    }
}
]
